{
  "type": "FeatureCollection",
  "generator": "overpass-turbo",
  "copyright": "The data included in this document is from www.openstreetmap.org. The data is made available under ODbL.",
  "timestamp": "2026-10-09T16:36:19Z",
  "features": [
    {
      "type": "Feature",
      "properties": {
        "@id": "way/59243787",
        "area": "yes",
        "bench": "yes",
        "bin": "yes",
        "light_rail": "yes",
        "lit": "yes",
        "network": "LACMTA",
        "public_transport": "platform",
        "railway": "platform",
        "shelter": "yes",
        "tactile_paving": "yes"
      },
      "geometry": {
        "type": "Polygon",
        "coordinates": [
          [
            [
              -118.1574154,
              34.115641
            ],
            [
              -118.1574704,
              34.1156421
            ],
            [
              -118.1574932,
              34.1156221
            ],
            [
              -118.1575085,
              34.1156333
            ],
            [
              -118.1575612,
              34.1155915
            ],
            [
              -118.157561,
              34.1155738
            ],
            [
              -118.1577345,
              34.1154251
            ],
            [
              -118.1579086,
              34.1152724
            ],
            [
              -118.1580696,
              34.1151382
            ],
            [
              -118.1581119,
              34.115101
            ],
            [
              -118.1581033,
              34.1150942
            ],
            [
              -118.1580969,
              34.1150892
            ],
            [
              -118.1580876,
              34.1150818
            ],
            [
              -118.1580797,
              34.1150756
            ],
            [
              -118.1574154,
              34.115641
            ]
          ]
        ]
      },
      "id": "way/59243787"
    },
    {
      "type": "Feature",
      "properties": {
        "@id": "way/59247980",
        "area": "yes",
        "bench": "yes",
        "bin": "yes",
        "light_rail": "yes",
        "lit": "yes",
        "network": "LACMTA",
        "public_transport": "platform",
        "railway": "platform",
        "shelter": "yes",
        "tactile_paving": "yes"
      },
      "geometry": {
        "type": "Polygon",
        "coordinates": [
          [
            [
              -118.1582803,
              34.114807
            ],
            [
              -118.158262,
              34.1147919
            ],
            [
              -118.1582423,
              34.114792
            ],
            [
              -118.1581807,
              34.1148456
            ],
            [
              -118.1581737,
              34.1148511
            ],
            [
              -118.1581668,
              34.1148564
            ],
            [
              -118.1578406,
              34.1151316
            ],
            [
              -118.157724,
              34.1152323
            ],
            [
              -118.1576479,
              34.115298
            ],
            [
              -118.1576239,
              34.1153187
            ],
            [
              -118.1576162,
              34.1153521
            ],
            [
              -118.157635,
              34.1153676
            ],
            [
              -118.1579316,
              34.115115
            ],
            [
              -118.1580658,
              34.1149962
            ],
            [
              -118.1582803,
              34.114807
            ]
          ]
        ]
      },
      "id": "way/59247980"
    },
    {
      "type": "Feature",
      "properties": {
        "@id": "way/104760390",
        "area": "yes",
        "bench": "yes",
        "bin": "yes",
        "check_date": "2026-06-12",
        "check_date:bench": "2026-06-12",
        "check_date:bin": "2026-06-12",
        "check_date:tactile_paving": "2026-06-12",
        "covered": "no",
        "departures_board": "timetable",
        "indoor": "no",
        "level": "1",
        "light_rail": "yes",
        "lit": "yes",
        "network": "LACMTA",
        "public_transport": "platform",
        "railway": "platform",
        "ref": "1;2",
        "surface": "paved",
        "tactile_paving": "yes",
        "wheelchair": "yes"
      },
      "geometry": {
        "type": "Polygon",
        "coordinates": [
          [
            [
              -118.2347318,
              34.0564106
            ],
            [
              -118.234796,
              34.0560987
            ],
            [
              -118.2348853,
              34.0556587
            ],
            [
              -118.2348011,
              34.0556465
            ],
            [
              -118.2347575,
              34.0558557
            ],
            [
              -118.2347104,
              34.0560865
            ],
            [
              -118.2346462,
              34.0563984
            ],
            [
              -118.2347318,
              34.0564106
            ]
          ]
        ]
      },
      "id": "way/104760390"
    },
    {
      "type": "Feature",
      "properties": {
        "@id": "way/112919887",
        "area": "yes",
        "light_rail": "yes",
        "network": "LACMTA",
        "public_transport": "platform",
        "railway": "platform"
      },
      "geometry": {
        "type": "Polygon",
        "coordinates": [
          [
            [
              -118.3511215,
              33.9333568
            ],
            [
              -118.3515313,
              33.9334375
            ],
            [
              -118.3520178,
              33.9335272
            ],
            [
              -118.3520208,
              33.933513
            ],
            [
              -118.3520255,
              33.9334934
            ],
            [
              -118.3520315,
              33.9334649
            ],
            [
              -118.3515528,
              33.9333737
            ],
            [
              -118.3512355,
              33.9333101
            ],
            [
              -118.35124,
              33.9332997
            ],
            [
              -118.3511869,
              33.9332879
            ],
            [
              -118.3511471,
              33.9332807
            ],
            [
              -118.3511215,
              33.9333568
            ]
          ]
        ]
      },
      "id": "way/112919887"
    },
    {
      "type": "Feature",
      "properties": {
        "@id": "way/122821297",
        "area": "yes",
        "bridge": "yes",
        "layer": "2",
        "light_rail": "yes",
        "network": "LACMTA",
        "public_transport": "platform",
        "railway": "platform",
        "shelter": "yes"
      },
      "geometry": {
        "type": "Polygon",
        "coordinates": [
          [
            [
              -118.2815842,
              33.9286432
            ],
            [
              -118.2806537,
              33.9286463
            ],
            [
              -118.2806544,
              33.9287845
            ],
            [
              -118.2815849,
              33.9287814
            ],
            [
              -118.2815846,
              33.9287305
            ],
            [
              -118.2815845,
              33.9287126
            ],
            [
              -118.2815844,
              33.9286895
            ],
            [
              -118.2815842,
              33.9286432
            ]
          ]
        ]
      },
      "id": "way/122821297"
    },
    {
      "type": "Feature",
      "properties": {
        "@id": "way/123428858",
        "area": "yes",
        "bench": "yes",
        "bin": "yes",
        "light_rail": "yes",
        "network": "LACMTA",
        "public_transport": "platform",
        "railway": "platform",
        "shelter": "yes",
        "tactile_paving": "yes",
        "wheelchair": "yes"
      },
      "geometry": {
        "type": "Polygon",
        "coordinates": [
          [
            [
              -118.2664403,
              34.0403726
            ],
            [
              -118.2662729,
              34.0405534
            ],
            [
              -118.2658545,
              34.0410054
            ],
            [
              -118.265872,
              34.0410165
            ],
            [
              -118.2658904,
              34.0410282
            ],
            [
              -118.2663089,
              34.0405762
            ],
            [
              -118.2664762,
              34.0403955
            ],
            [
              -118.2664697,
              34.0403913
            ],
            [
              -118.2664403,
              34.0403726
            ]
          ]
        ]
      },
      "id": "way/123428858"
    },
    {
      "type": "Feature",
      "properties": {
        "@id": "way/123805567",
        "area": "yes",
        "bench": "yes",
        "bin": "yes",
        "departures_board": "realtime",
        "light_rail": "yes",
        "network": "LACMTA",
        "operator": "Los Angeles County Metropolitan Transportation Authority",
        "public_transport": "platform",
        "railway": "platform",
        "ref": "2",
        "shelter": "yes",
        "surface": "concrete",
        "wheelchair": "yes"
      },
      "geometry": {
        "type": "Polygon",
        "coordinates": [
          [
            [
              -118.2861497,
              34.0182059
            ],
            [
              -118.286149,
              34.0181968
            ],
            [
              -118.2861498,
              34.018177
            ],
            [
              -118.2852514,
              34.0181741
            ],
            [
              -118.2852513,
              34.018203
            ],
            [
              -118.2861497,
              34.0182059
            ]
          ]
        ]
      },
      "id": "way/123805567"
    },
    {
      "type": "Feature",
      "properties": {
        "@id": "way/123805568",
        "area": "yes",
        "bench": "yes",
        "light_rail": "yes",
        "network": "LACMTA",
        "public_transport": "platform",
        "railway": "platform",
        "shelter": "yes",
        "wheelchair": "yes"
      },
      "geometry": {
        "type": "Polygon",
        "coordinates": [
          [
            [
              -118.30835,
              34.0182984
            ],
            [
              -118.30835,
              34.0182802
            ],
            [
              -118.3083506,
              34.0182695
            ],
            [
              -118.3074523,
              34.0182572
            ],
            [
              -118.3074518,
              34.0182861
            ],
            [
              -118.30835,
              34.0182984
            ]
          ]
        ]
      },
      "id": "way/123805568"
    },
    {
      "type": "Feature",
      "properties": {
        "@id": "way/123805569",
        "area": "yes",
        "bench": "yes",
        "bin": "yes",
        "light_rail": "yes",
        "network": "LACMTA",
        "public_transport": "platform",
        "railway": "platform",
        "shelter": "yes",
        "wheelchair": "yes"
      },
      "geometry": {
        "type": "Polygon",
        "coordinates": [
          [
            [
              -118.3103764,
              34.0184193
            ],
            [
              -118.310377,
              34.0183904
            ],
            [
              -118.3094788,
              34.0183774
            ],
            [
              -118.309478,
              34.0183915
            ],
            [
              -118.3094782,
              34.0184063
            ],
            [
              -118.3103764,
              34.0184193
            ]
          ]
        ]
      },
      "id": "way/123805569"
    },
    {
      "type": "Feature",
      "properties": {
        "@id": "way/123805570",
        "area": "yes",
        "bench": "yes",
        "bin": "yes",
        "departures_board": "realtime",
        "light_rail": "yes",
        "network": "LACMTA",
        "operator": "Los Angeles County Metropolitan Transportation Authority",
        "public_transport": "platform",
        "railway": "platform",
        "ref": "2",
        "shelter": "yes",
        "surface": "concrete",
        "wheelchair": "yes"
      },
      "geometry": {
        "type": "Polygon",
        "coordinates": [
          [
            [
              -118.2912172,
              34.0182155
            ],
            [
              -118.291217,
              34.0181952
            ],
            [
              -118.2912176,
              34.0181866
            ],
            [
              -118.2903192,
              34.0181789
            ],
            [
              -118.2903186,
              34.0181909
            ],
            [
              -118.2903188,
              34.0182078
            ],
            [
              -118.2912172,
              34.0182155
            ]
          ]
        ]
      },
      "id": "way/123805570"
    },
    {
      "type": "Feature",
      "properties": {
        "@id": "way/123805571",
        "area": "yes",
        "bench": "yes",
        "bin": "yes",
        "check_date:lit": "2023-11-04",
        "departures_board": "realtime",
        "light_rail": "yes",
        "lit": "yes",
        "network": "LACMTA",
        "operator": "Los Angeles County Metropolitan Transportation Authority",
        "public_transport": "platform",
        "railway": "platform",
        "ref": "1",
        "shelter": "yes",
        "surface": "concrete",
        "tactile_paving": "yes",
        "wheelchair": "yes"
      },
      "geometry": {
        "type": "Polygon",
        "coordinates": [
          [
            [
              -118.2930238,
              34.0183223
            ],
            [
              -118.2930244,
              34.0182966
            ],
            [
              -118.2921157,
              34.0182894
            ],
            [
              -118.2921134,
              34.0183021
            ],
            [
              -118.292113,
              34.0183154
            ],
            [
              -118.2930238,
              34.0183223
            ]
          ]
        ]
      },
      "id": "way/123805571"
    },
    {
      "type": "Feature",
      "properties": {
        "@id": "way/123805572",
        "area": "yes",
        "bench": "yes",
        "bin": "yes",
        "departures_board": "realtime",
        "light_rail": "yes",
        "network": "LACMTA",
        "operator": "Los Angeles County Metropolitan Transportation Authority",
        "public_transport": "platform",
        "railway": "platform",
        "ref": "1",
        "shelter": "yes",
        "surface": "concrete",
        "wheelchair": "yes"
      },
      "geometry": {
        "type": "Polygon",
        "coordinates": [
          [
            [
              -118.2861505,
              34.0182953
            ],
            [
              -118.28615,
              34.0182715
            ],
            [
              -118.2861504,
              34.0182664
            ],
            [
              -118.285252,
              34.0182681
            ],
            [
              -118.2852521,
              34.018297
            ],
            [
              -118.2861505,
              34.0182953
            ]
          ]
        ]
      },
      "id": "way/123805572"
    },
    {
      "type": "Feature",
      "properties": {
        "@id": "way/159935969",
        "area": "yes",
        "bench": "yes",
        "bin": "yes",
        "light_rail": "yes",
        "network": "LACMTA",
        "public_transport": "platform",
        "railway": "platform",
        "shelter": "yes"
      },
      "geometry": {
        "type": "Polygon",
        "coordinates": [
          [
            [
              -118.2431913,
              33.9418374
            ],
            [
              -118.2431483,
              33.9418383
            ],
            [
              -118.2431474,
              33.9424463
            ],
            [
              -118.2431478,
              33.9426726
            ],
            [
              -118.2431658,
              33.9426728
            ],
            [
              -118.2431976,
              33.9426725
            ],
            [
              -118.2431963,
              33.9424459
            ],
            [
              -118.2431913,
              33.9418374
            ]
          ]
        ]
      },
      "id": "way/159935969"
    },
    {
      "type": "Feature",
      "properties": {
        "@id": "way/188868794",
        "area": "yes",
        "check_date": "2023-06-15",
        "light_rail": "yes",
        "network": "LACMTA",
        "public_transport": "platform",
        "railway": "platform"
      },
      "geometry": {
        "type": "Polygon",
        "coordinates": [
          [
            [
              -118.0816731,
              34.1477196
            ],
            [
              -118.0815005,
              34.1477253
            ],
            [
              -118.0812416,
              34.1477339
            ],
            [
              -118.080788,
              34.1477489
            ],
            [
              -118.0807891,
              34.1478167
            ],
            [
              -118.0812409,
              34.1478045
            ],
            [
              -118.0815048,
              34.1477973
            ],
            [
              -118.0816743,
              34.1477927
            ],
            [
              -118.0816731,
              34.1477196
            ]
          ]
        ]
      },
      "id": "way/188868794"
    },
    {
      "type": "Feature",
      "properties": {
        "@id": "way/188869615",
        "area": "yes",
        "light_rail": "yes",
        "network": "LACMTA",
        "public_transport": "platform",
        "railway": "platform"
      },
      "geometry": {
        "type": "Polygon",
        "coordinates": [
          [
            [
              -118.1147238,
              34.1524306
            ],
            [
              -118.1147238,
              34.1523853
            ],
            [
              -118.1136159,
              34.152406
            ],
            [
              -118.1136159,
              34.1524482
            ],
            [
              -118.1147238,
              34.1524306
            ]
          ]
        ]
      },
      "id": "way/188869615"
    },
    {
      "type": "Feature",
      "properties": {
        "@id": "way/188869616",
        "area": "yes",
        "light_rail": "yes",
        "network": "LACMTA",
        "public_transport": "platform",
        "railway": "platform",
        "tactile_paving": "yes"
      },
      "geometry": {
        "type": "Polygon",
        "coordinates": [
          [
            [
              -118.1308724,
              34.1518311
            ],
            [
              -118.1319723,
              34.1518346
            ],
            [
              -118.1320964,
              34.151835
            ],
            [
              -118.1320966,
              34.1518208
            ],
            [
              -118.1320967,
              34.1518131
            ],
            [
              -118.1320969,
              34.1517921
            ],
            [
              -118.1319714,
              34.1517916
            ],
            [
              -118.1308713,
              34.1517874
            ],
            [
              -118.1308724,
              34.1518311
            ]
          ]
        ]
      },
      "id": "way/188869616"
    },
    {
      "type": "Feature",
      "properties": {
        "@id": "way/188888754",
        "area": "yes",
        "check_date": "2023-06-15",
        "layer": "-1",
        "light_rail": "yes",
        "location": "underground",
        "network": "LACMTA",
        "public_transport": "platform",
        "railway": "platform",
        "tunnel": "yes"
      },
      "geometry": {
        "type": "Polygon",
        "coordinates": [
          [
            [
              -118.1477345,
              34.1480815
            ],
            [
              -118.1477156,
              34.1480747
            ],
            [
              -118.1473895,
              34.1486958
            ],
            [
              -118.1474208,
              34.1487071
            ],
            [
              -118.147747,
              34.148086
            ],
            [
              -118.1477345,
              34.1480815
            ]
          ]
        ]
      },
      "id": "way/188888754"
    },
    {
      "type": "Feature",
      "properties": {
        "@id": "way/188891685",
        "area": "yes",
        "light_rail": "yes",
        "network": "LACMTA",
        "public_transport": "platform",
        "railway": "platform",
        "wheelchair": "yes"
      },
      "geometry": {
        "type": "Polygon",
        "coordinates": [
          [
            [
              -118.1481005,
              34.1331637
            ],
            [
              -118.148108,
              34.1339125
            ],
            [
              -118.1481572,
              34.1339122
            ],
            [
              -118.1481498,
              34.1331633
            ],
            [
              -118.1481296,
              34.1331635
            ],
            [
              -118.1481005,
              34.1331637
            ]
          ]
        ]
      },
      "id": "way/188891685"
    },
    {
      "type": "Feature",
      "properties": {
        "@id": "way/188891686",
        "area": "yes",
        "bench": "yes",
        "bin": "yes",
        "light_rail": "yes",
        "lit": "yes",
        "network": "LACMTA",
        "public_transport": "platform",
        "railway": "platform",
        "shelter": "yes",
        "tactile_paving": "yes"
      },
      "geometry": {
        "type": "Polygon",
        "coordinates": [
          [
            [
              -118.1482606,
              34.1415959
            ],
            [
              -118.1482604,
              34.1423419
            ],
            [
              -118.1482944,
              34.1423419
            ],
            [
              -118.1482946,
              34.1415959
            ],
            [
              -118.1482706,
              34.1415959
            ],
            [
              -118.1482606,
              34.1415959
            ]
          ]
        ]
      },
      "id": "way/188891686"
    },
    {
      "type": "Feature",
      "properties": {
        "@id": "way/188912726",
        "area": "yes",
        "bench": "yes",
        "bin": "yes",
        "check_date": "2026-06-12",
        "check_date:bench": "2026-06-12",
        "check_date:bin": "2026-06-12",
        "check_date:lit": "2026-06-12",
        "check_date:shelter": "2026-06-12",
        "check_date:tactile_paving": "2026-06-12",
        "light_rail": "yes",
        "lit": "yes",
        "network": "LACMTA",
        "public_transport": "platform",
        "railway": "platform",
        "shelter": "yes",
        "tactile_paving": "yes"
      },
      "geometry": {
        "type": "Polygon",
        "coordinates": [
          [
            [
              -118.1929242,
              34.1110067
            ],
            [
              -118.1921535,
              34.1113864
            ],
            [
              -118.1921649,
              34.1114022
            ],
            [
              -118.1921795,
              34.1114226
            ],
            [
              -118.1929502,
              34.1110429
            ],
            [
              -118.1929376,
              34.1110265
            ],
            [
              -118.1929242,
              34.1110067
            ]
          ]
        ]
      },
      "id": "way/188912726"
    },
    {
      "type": "Feature",
      "properties": {
        "@id": "way/188914705",
        "area": "yes",
        "bench": "yes",
        "bin": "yes",
        "highway": "pedestrian",
        "light_rail": "yes",
        "lit": "yes",
        "network": "LACMTA",
        "public_transport": "platform",
        "railway": "platform",
        "shelter": "yes",
        "surface": "concrete",
        "tactile_paving": "yes"
      },
      "geometry": {
        "type": "Polygon",
        "coordinates": [
          [
            [
              -118.2070537,
              34.0980007
            ],
            [
              -118.2066607,
              34.0982601
            ],
            [
              -118.2062817,
              34.0985103
            ],
            [
              -118.2062965,
              34.0985259
            ],
            [
              -118.2063152,
              34.0985445
            ],
            [
              -118.2066937,
              34.0982927
            ],
            [
              -118.2070852,
              34.0980322
            ],
            [
              -118.2070537,
              34.0980007
            ]
          ]
        ]
      },
      "id": "way/188914705"
    },
    {
      "type": "Feature",
      "properties": {
        "@id": "way/188916630",
        "area": "yes",
        "bench": "yes",
        "bin": "yes",
        "light_rail": "yes",
        "lit": "yes",
        "network": "LACMTA",
        "public_transport": "platform",
        "railway": "platform",
        "shelter": "yes",
        "tactile_paving": "yes"
      },
      "geometry": {
        "type": "Polygon",
        "coordinates": [
          [
            [
              -118.2134014,
              34.0870977
            ],
            [
              -118.2128151,
              34.0876643
            ],
            [
              -118.2128456,
              34.0876851
            ],
            [
              -118.2134299,
              34.0871148
            ],
            [
              -118.2134014,
              34.0870977
            ]
          ]
        ]
      },
      "id": "way/188916630"
    },
    {
      "type": "Feature",
      "properties": {
        "@id": "way/188924284",
        "area": "yes",
        "bench": "yes",
        "bin": "yes",
        "light_rail": "yes",
        "lit": "yes",
        "network": "LACMTA",
        "public_transport": "platform",
        "railway": "platform",
        "shelter": "yes",
        "tactile_paving": "yes"
      },
      "geometry": {
        "type": "Polygon",
        "coordinates": [
          [
            [
              -118.2208021,
              34.0807448
            ],
            [
              -118.2200428,
              34.0812769
            ],
            [
              -118.2200716,
              34.0813067
            ],
            [
              -118.2200802,
              34.0813006
            ],
            [
              -118.2201808,
              34.0812287
            ],
            [
              -118.2208269,
              34.0807713
            ],
            [
              -118.2208021,
              34.0807448
            ]
          ]
        ]
      },
      "id": "way/188924284"
    },
    {
      "type": "Feature",
      "properties": {
        "@id": "way/188933607",
        "area": "yes",
        "bench": "yes",
        "bin": "yes",
        "bridge": "yes",
        "covered": "yes",
        "departures_board": "realtime",
        "layer": "1",
        "light_rail": "yes",
        "lit": "yes",
        "motor_vehicle": "no",
        "network": "LACMTA",
        "public_transport": "platform",
        "railway": "platform",
        "surface": "paved",
        "tactile_paving": "yes"
      },
      "geometry": {
        "type": "Polygon",
        "coordinates": [
          [
            [
              -118.2359625,
              34.063418
            ],
            [
              -118.2358781,
              34.0636816
            ],
            [
              -118.2358229,
              34.0638485
            ],
            [
              -118.235689,
              34.0642621
            ],
            [
              -118.2357618,
              34.064278
            ],
            [
              -118.2358899,
              34.0638873
            ],
            [
              -118.2359538,
              34.0636998
            ],
            [
              -118.2360416,
              34.0634338
            ],
            [
              -118.2360089,
              34.0634266
            ],
            [
              -118.2359625,
              34.063418
            ]
          ]
        ]
      },
      "id": "way/188933607"
    },
    {
      "type": "Feature",
      "properties": {
        "@id": "way/188954829",
        "area": "yes",
        "bench": "yes",
        "bin": "yes",
        "light_rail": "yes",
        "lit": "yes",
        "network": "LACMTA",
        "public_transport": "platform",
        "railway": "platform",
        "shelter": "yes",
        "tactile_paving": "yes"
      },
      "geometry": {
        "type": "Polygon",
        "coordinates": [
          [
            [
              -118.2207458,
              34.0806829
            ],
            [
              -118.2207172,
              34.0806578
            ],
            [
              -118.2201331,
              34.0810695
            ],
            [
              -118.2200871,
              34.0811018
            ],
            [
              -118.2199551,
              34.0811949
            ],
            [
              -118.2199902,
              34.0812247
            ],
            [
              -118.2207458,
              34.0806829
            ]
          ]
        ]
      },
      "id": "way/188954829"
    },
    {
      "type": "Feature",
      "properties": {
        "@id": "way/188957165",
        "area": "yes",
        "bench": "yes",
        "bin": "yes",
        "light_rail": "yes",
        "lit": "yes",
        "network": "LACMTA",
        "public_transport": "platform",
        "railway": "platform",
        "shelter": "yes",
        "tactile_paving": "yes"
      },
      "geometry": {
        "type": "Polygon",
        "coordinates": [
          [
            [
              -118.2135797,
              34.0867726
            ],
            [
              -118.2129796,
              34.0873391
            ],
            [
              -118.2130029,
              34.0873528
            ],
            [
              -118.2130151,
              34.0873599
            ],
            [
              -118.2136055,
              34.0867912
            ],
            [
              -118.2135797,
              34.0867726
            ]
          ]
        ]
      },
      "id": "way/188957165"
    },
    {
      "type": "Feature",
      "properties": {
        "@id": "way/188972188",
        "area": "yes",
        "bench": "yes",
        "bin": "yes",
        "light_rail": "yes",
        "lit": "yes",
        "network": "LACMTA",
        "public_transport": "platform",
        "railway": "platform",
        "shelter": "yes",
        "tactile_paving": "yes"
      },
      "geometry": {
        "type": "Polygon",
        "coordinates": [
          [
            [
              -118.1481738,
              34.1423389
            ],
            [
              -118.1481685,
              34.141595
            ],
            [
              -118.1481388,
              34.1415951
            ],
            [
              -118.1481332,
              34.1415952
            ],
            [
              -118.1481348,
              34.1418173
            ],
            [
              -118.1481385,
              34.1423391
            ],
            [
              -118.1481738,
              34.1423389
            ]
          ]
        ]
      },
      "id": "way/188972188"
    },
    {
      "type": "Feature",
      "properties": {
        "@id": "way/188978136",
        "area": "yes",
        "check_date": "2023-06-15",
        "layer": "-1",
        "light_rail": "yes",
        "location": "underground",
        "network": "LACMTA",
        "public_transport": "platform",
        "railway": "platform",
        "tunnel": "yes"
      },
      "geometry": {
        "type": "Polygon",
        "coordinates": [
          [
            [
              -118.1476526,
              34.1480508
            ],
            [
              -118.1476428,
              34.1480473
            ],
            [
              -118.1476137,
              34.1480369
            ],
            [
              -118.147289,
              34.1486584
            ],
            [
              -118.1473278,
              34.1486724
            ],
            [
              -118.1476526,
              34.1480508
            ]
          ]
        ]
      },
      "id": "way/188978136"
    },
    {
      "type": "Feature",
      "properties": {
        "@id": "way/209716991",
        "area": "yes",
        "bench": "yes",
        "light_rail": "yes",
        "network": "LACMTA",
        "public_transport": "platform",
        "railway": "platform",
        "shelter": "yes"
      },
      "geometry": {
        "type": "Polygon",
        "coordinates": [
          [
            [
              -118.1933328,
              33.7680595
            ],
            [
              -118.1933334,
              33.768036
            ],
            [
              -118.1933358,
              33.7680229
            ],
            [
              -118.1925893,
              33.7680223
            ],
            [
              -118.1925884,
              33.7680442
            ],
            [
              -118.1925902,
              33.7680609
            ],
            [
              -118.1933328,
              33.7680595
            ]
          ]
        ]
      },
      "id": "way/209716991"
    },
    {
      "type": "Feature",
      "properties": {
        "@id": "way/209717014",
        "area": "yes",
        "bench": "yes",
        "light_rail": "yes",
        "network": "LACMTA",
        "public_transport": "platform",
        "railway": "platform",
        "shelter": "yes"
      },
      "geometry": {
        "type": "Polygon",
        "coordinates": [
          [
            [
              -118.1894341,
              33.7691283
            ],
            [
              -118.1894342,
              33.7689805
            ],
            [
              -118.1894343,
              33.7687561
            ],
            [
              -118.1894344,
              33.7686732
            ],
            [
              -118.1894345,
              33.7684468
            ],
            [
              -118.1894345,
              33.7684195
            ],
            [
              -118.1894093,
              33.7684195
            ],
            [
              -118.1893905,
              33.7684195
            ],
            [
              -118.1893905,
              33.7684468
            ],
            [
              -118.1893904,
              33.7686732
            ],
            [
              -118.1893903,
              33.7687561
            ],
            [
              -118.1893902,
              33.7689804
            ],
            [
              -118.1893901,
              33.7691283
            ],
            [
              -118.1894166,
              33.7691283
            ],
            [
              -118.1894341,
              33.7691283
            ]
          ]
        ]
      },
      "id": "way/209717014"
    },
    {
      "type": "Feature",
      "properties": {
        "@id": "way/209717253",
        "area": "yes",
        "bench": "yes",
        "light_rail": "yes",
        "network": "LACMTA",
        "public_transport": "platform",
        "railway": "platform",
        "shelter": "yes"
      },
      "geometry": {
        "type": "Polygon",
        "coordinates": [
          [
            [
              -118.1894014,
              33.7739754
            ],
            [
              -118.1893993,
              33.7732282
            ],
            [
              -118.1893823,
              33.7732283
            ],
            [
              -118.189356,
              33.7732284
            ],
            [
              -118.1893606,
              33.7739755
            ],
            [
              -118.1893817,
              33.7739755
            ],
            [
              -118.1894014,
              33.7739754
            ]
          ]
        ]
      },
      "id": "way/209717253"
    },
    {
      "type": "Feature",
      "properties": {
        "@id": "way/209717280",
        "area": "yes",
        "bench": "yes",
        "bin": "yes",
        "light_rail": "yes",
        "lit": "yes",
        "network": "LACMTA",
        "public_transport": "platform",
        "railway": "platform",
        "shelter": "yes",
        "tactile_paving": "yes"
      },
      "geometry": {
        "type": "Polygon",
        "coordinates": [
          [
            [
              -118.1937811,
              33.7726348
            ],
            [
              -118.1937803,
              33.7724056
            ],
            [
              -118.1937797,
              33.7722601
            ],
            [
              -118.1937789,
              33.7720242
            ],
            [
              -118.1937784,
              33.7718753
            ],
            [
              -118.1937467,
              33.7718754
            ],
            [
              -118.1937307,
              33.7718754
            ],
            [
              -118.1937312,
              33.7720244
            ],
            [
              -118.1937321,
              33.7722602
            ],
            [
              -118.1937326,
              33.7724056
            ],
            [
              -118.1937334,
              33.772635
            ],
            [
              -118.1937508,
              33.7726349
            ],
            [
              -118.1937811,
              33.7726348
            ]
          ]
        ]
      },
      "id": "way/209717280"
    },
    {
      "type": "Feature",
      "properties": {
        "@id": "way/209717329",
        "area": "yes",
        "bench": "yes",
        "bin": "yes",
        "light_rail": "yes",
        "lit": "yes",
        "network": "LACMTA",
        "public_transport": "platform",
        "railway": "platform",
        "shelter": "yes",
        "tactile_paving": "yes"
      },
      "geometry": {
        "type": "Polygon",
        "coordinates": [
          [
            [
              -118.1894208,
              33.7822686
            ],
            [
              -118.1894205,
              33.7820437
            ],
            [
              -118.1894203,
              33.7819035
            ],
            [
              -118.18942,
              33.7816743
            ],
            [
              -118.1894197,
              33.7814268
            ],
            [
              -118.1893908,
              33.7814269
            ],
            [
              -118.189362,
              33.7814269
            ],
            [
              -118.1893623,
              33.7816743
            ],
            [
              -118.1893626,
              33.7819035
            ],
            [
              -118.1893628,
              33.7820437
            ],
            [
              -118.1893631,
              33.7822687
            ],
            [
              -118.1893804,
              33.7822687
            ],
            [
              -118.1894208,
              33.7822686
            ]
          ]
        ]
      },
      "id": "way/209717329"
    },
    {
      "type": "Feature",
      "properties": {
        "@id": "way/209717732",
        "area": "yes",
        "bench": "yes",
        "bin": "yes",
        "light_rail": "yes",
        "lit": "yes",
        "network": "LACMTA",
        "public_transport": "platform",
        "railway": "platform",
        "shelter": "yes"
      },
      "geometry": {
        "type": "Polygon",
        "coordinates": [
          [
            [
              -118.189414,
              33.789519
            ],
            [
              -118.1894139,
              33.7892927
            ],
            [
              -118.1894139,
              33.7891568
            ],
            [
              -118.1894139,
              33.7889289
            ],
            [
              -118.1894139,
              33.7886861
            ],
            [
              -118.1893844,
              33.7886861
            ],
            [
              -118.1893548,
              33.7886861
            ],
            [
              -118.1893548,
              33.7889289
            ],
            [
              -118.1893549,
              33.7891568
            ],
            [
              -118.1893549,
              33.7892927
            ],
            [
              -118.1893549,
              33.789519
            ],
            [
              -118.1893768,
              33.789519
            ],
            [
              -118.189414,
              33.789519
            ]
          ]
        ]
      },
      "id": "way/209717732"
    },
    {
      "type": "Feature",
      "properties": {
        "@id": "way/209718018",
        "area": "yes",
        "bench": "yes",
        "bin": "yes",
        "light_rail": "yes",
        "lit": "yes",
        "network": "LACMTA",
        "public_transport": "platform",
        "railway": "platform",
        "shelter": "yes"
      },
      "geometry": {
        "type": "Polygon",
        "coordinates": [
          [
            [
              -118.1900606,
              33.8074506
            ],
            [
              -118.1897979,
              33.8068952
            ],
            [
              -118.1896967,
              33.8066812
            ],
            [
              -118.1896906,
              33.8066682
            ],
            [
              -118.1896741,
              33.8066736
            ],
            [
              -118.1896426,
              33.8066839
            ],
            [
              -118.1896485,
              33.8066964
            ],
            [
              -118.18975,
              33.8069109
            ],
            [
              -118.1900127,
              33.8074662
            ],
            [
              -118.190035,
              33.8074589
            ],
            [
              -118.1900606,
              33.8074506
            ]
          ]
        ]
      },
      "id": "way/209718018"
    },
    {
      "type": "Feature",
      "properties": {
        "@id": "way/209718136",
        "area": "yes",
        "bench": "yes",
        "light_rail": "yes",
        "network": "LACMTA",
        "public_transport": "platform",
        "railway": "platform",
        "shelter": "yes"
      },
      "geometry": {
        "type": "Polygon",
        "coordinates": [
          [
            [
              -118.1963395,
              33.8201905
            ],
            [
              -118.1962813,
              33.8201039
            ],
            [
              -118.1961468,
              33.8199036
            ],
            [
              -118.1959026,
              33.8195402
            ],
            [
              -118.195876,
              33.8195525
            ],
            [
              -118.195857,
              33.8195613
            ],
            [
              -118.1961012,
              33.8199248
            ],
            [
              -118.1962357,
              33.820125
            ],
            [
              -118.1962938,
              33.8202117
            ],
            [
              -118.1963117,
              33.8202034
            ],
            [
              -118.1963395,
              33.8201905
            ]
          ]
        ]
      },
      "id": "way/209718136"
    },
    {
      "type": "Feature",
      "properties": {
        "@id": "way/209718564",
        "area": "yes",
        "bench": "yes",
        "layer": "1",
        "light_rail": "yes",
        "network": "LACMTA",
        "public_transport": "platform",
        "railway": "platform",
        "shelter": "yes"
      },
      "geometry": {
        "type": "Polygon",
        "coordinates": [
          [
            [
              -118.2111941,
              33.8485547
            ],
            [
              -118.2109742,
              33.8480368
            ],
            [
              -118.2108395,
              33.8477196
            ],
            [
              -118.2107755,
              33.8477383
            ],
            [
              -118.2109102,
              33.8480555
            ],
            [
              -118.21113,
              33.8485734
            ],
            [
              -118.2111941,
              33.8485547
            ]
          ]
        ]
      },
      "id": "way/209718564"
    },
    {
      "type": "Feature",
      "properties": {
        "@id": "way/209718765",
        "area": "yes",
        "bench": "yes",
        "light_rail": "yes",
        "network": "LACMTA",
        "public_transport": "platform",
        "railway": "platform",
        "shelter": "yes"
      },
      "geometry": {
        "type": "Polygon",
        "coordinates": [
          [
            [
              -118.2226895,
              33.8764864
            ],
            [
              -118.2224033,
              33.8757111
            ],
            [
              -118.2223505,
              33.8757245
            ],
            [
              -118.2226368,
              33.8764998
            ],
            [
              -118.2226589,
              33.8764942
            ],
            [
              -118.2226895,
              33.8764864
            ]
          ]
        ]
      },
      "id": "way/209718765"
    },
    {
      "type": "Feature",
      "properties": {
        "@id": "way/209720119",
        "area": "yes",
        "bench": "yes",
        "bin": "yes",
        "departures_board": "realtime",
        "light_rail": "yes",
        "network": "LACMTA",
        "operator": "Los Angeles County Metropolitan Transportation Authority",
        "public_transport": "platform",
        "railway": "platform",
        "shelter": "yes",
        "surface": "concrete",
        "tactile_paving": "yes"
      },
      "geometry": {
        "type": "Polygon",
        "coordinates": [
          [
            [
              -118.2432611,
              33.9600186
            ],
            [
              -118.2432553,
              33.9592013
            ],
            [
              -118.2431818,
              33.9592017
            ],
            [
              -118.2431885,
              33.9599712
            ],
            [
              -118.2431896,
              33.9600191
            ],
            [
              -118.2432611,
              33.9600186
            ]
          ]
        ]
      },
      "id": "way/209720119"
    },
    {
      "type": "Feature",
      "properties": {
        "@id": "way/209720164",
        "area": "yes",
        "bench": "yes",
        "bin": "yes",
        "light_rail": "yes",
        "network": "LACMTA",
        "public_transport": "platform",
        "railway": "platform",
        "shelter": "yes",
        "tactile_paving": "yes"
      },
      "geometry": {
        "type": "Polygon",
        "coordinates": [
          [
            [
              -118.2433007,
              33.9733602
            ],
            [
              -118.243259,
              33.9733603
            ],
            [
              -118.2432606,
              33.9741875
            ],
            [
              -118.243278,
              33.9741874
            ],
            [
              -118.2433022,
              33.9741874
            ],
            [
              -118.2433007,
              33.9733602
            ]
          ]
        ]
      },
      "id": "way/209720164"
    },
    {
      "type": "Feature",
      "properties": {
        "@id": "way/209720219",
        "area": "yes",
        "bench": "yes",
        "bin": "yes",
        "bridge": "yes",
        "layer": "1",
        "light_rail": "yes",
        "lit": "yes",
        "network": "LACMTA",
        "public_transport": "platform",
        "railway": "platform",
        "shelter": "yes",
        "tactile_paving": "yes"
      },
      "geometry": {
        "type": "Polygon",
        "coordinates": [
          [
            [
              -118.2434376,
              33.989173
            ],
            [
              -118.2434314,
              33.9883357
            ],
            [
              -118.2433642,
              33.9883368
            ],
            [
              -118.2433827,
              33.9891717
            ],
            [
              -118.2434376,
              33.989173
            ]
          ]
        ]
      },
      "id": "way/209720219"
    },
    {
      "type": "Feature",
      "properties": {
        "@id": "way/209720346",
        "area": "yes",
        "bench": "yes",
        "light_rail": "yes",
        "network": "LACMTA",
        "public_transport": "platform",
        "railway": "platform",
        "shelter": "yes"
      },
      "geometry": {
        "type": "Polygon",
        "coordinates": [
          [
            [
              -118.2433261,
              34.0033648
            ],
            [
              -118.2433289,
              34.0031413
            ],
            [
              -118.2433326,
              34.0025529
            ],
            [
              -118.2432871,
              34.0025525
            ],
            [
              -118.2432834,
              34.0031411
            ],
            [
              -118.2432806,
              34.0033644
            ],
            [
              -118.243294,
              34.0033646
            ],
            [
              -118.2433261,
              34.0033648
            ]
          ]
        ]
      },
      "id": "way/209720346"
    },
    {
      "type": "Feature",
      "properties": {
        "@id": "way/209720371",
        "area": "yes",
        "bench": "yes",
        "bin": "yes",
        "light_rail": "yes",
        "network": "LACMTA",
        "public_transport": "platform",
        "railway": "platform",
        "shelter": "yes",
        "tactile_paving": "yes"
      },
      "geometry": {
        "type": "Polygon",
        "coordinates": [
          [
            [
              -118.2431046,
              34.0192455
            ],
            [
              -118.2430584,
              34.0192452
            ],
            [
              -118.243051,
              34.0200773
            ],
            [
              -118.2430654,
              34.0200773
            ],
            [
              -118.2430973,
              34.0200775
            ],
            [
              -118.2431046,
              34.0192455
            ]
          ]
        ]
      },
      "id": "way/209720371"
    },
    {
      "type": "Feature",
      "properties": {
        "@id": "way/209720457",
        "area": "yes",
        "bench": "yes",
        "bin": "yes",
        "light_rail": "yes",
        "network": "LACMTA",
        "public_transport": "platform",
        "railway": "platform",
        "shelter": "yes",
        "tactile_paving": "yes"
      },
      "geometry": {
        "type": "Polygon",
        "coordinates": [
          [
            [
              -118.2696786,
              34.0332917
            ],
            [
              -118.2690672,
              34.0330166
            ],
            [
              -118.268827,
              34.0329086
            ],
            [
              -118.2688192,
              34.0329051
            ],
            [
              -118.2688083,
              34.0329216
            ],
            [
              -118.2687975,
              34.0329381
            ],
            [
              -118.2688053,
              34.0329417
            ],
            [
              -118.2690456,
              34.0330497
            ],
            [
              -118.2696569,
              34.0333248
            ],
            [
              -118.2696574,
              34.0333241
            ],
            [
              -118.2696655,
              34.0333118
            ],
            [
              -118.2696786,
              34.0332917
            ]
          ]
        ]
      },
      "id": "way/209720457"
    },
    {
      "type": "Feature",
      "properties": {
        "@id": "way/209720736",
        "area": "yes",
        "bench": "yes",
        "bin": "yes",
        "bridge": "yes",
        "layer": "1",
        "light_rail": "yes",
        "network": "LACMTA",
        "public_transport": "platform",
        "railway": "platform",
        "shelter": "yes"
      },
      "geometry": {
        "type": "Polygon",
        "coordinates": [
          [
            [
              -118.2394097,
              33.9283768
            ],
            [
              -118.239415,
              33.9283156
            ],
            [
              -118.2393958,
              33.9283145
            ],
            [
              -118.239225,
              33.9283043
            ],
            [
              -118.2384258,
              33.9282567
            ],
            [
              -118.2381035,
              33.9282375
            ],
            [
              -118.237908,
              33.9282259
            ],
            [
              -118.2376774,
              33.9282121
            ],
            [
              -118.2375212,
              33.9282028
            ],
            [
              -118.2375159,
              33.9282639
            ],
            [
              -118.2376721,
              33.9282732
            ],
            [
              -118.2379027,
              33.928287
            ],
            [
              -118.2380982,
              33.9282986
            ],
            [
              -118.2384205,
              33.9283178
            ],
            [
              -118.2392198,
              33.9283655
            ],
            [
              -118.2393905,
              33.9283756
            ],
            [
              -118.2394097,
              33.9283768
            ]
          ]
        ]
      },
      "id": "way/209720736"
    },
    {
      "type": "Feature",
      "properties": {
        "@id": "way/209721126",
        "area": "yes",
        "light_rail": "yes",
        "network": "LACMTA",
        "public_transport": "platform",
        "railway": "platform"
      },
      "geometry": {
        "type": "Polygon",
        "coordinates": [
          [
            [
              -118.1551122,
              34.0334386
            ],
            [
              -118.1551129,
              34.0334137
            ],
            [
              -118.1551135,
              34.0333951
            ],
            [
              -118.1539156,
              34.03337
            ],
            [
              -118.1539148,
              34.033395
            ],
            [
              -118.1539142,
              34.0334136
            ],
            [
              -118.1551122,
              34.0334386
            ]
          ]
        ]
      },
      "id": "way/209721126"
    },
    {
      "type": "Feature",
      "properties": {
        "@id": "way/209721181",
        "area": "yes",
        "light_rail": "yes",
        "network": "LACMTA",
        "public_transport": "platform",
        "railway": "platform"
      },
      "geometry": {
        "type": "Polygon",
        "coordinates": [
          [
            [
              -118.1616674,
              34.0333801
            ],
            [
              -118.1616672,
              34.0333705
            ],
            [
              -118.1616668,
              34.0333416
            ],
            [
              -118.1606175,
              34.0333527
            ],
            [
              -118.1606177,
              34.0333705
            ],
            [
              -118.1606181,
              34.0333912
            ],
            [
              -118.1616674,
              34.0333801
            ]
          ]
        ]
      },
      "id": "way/209721181"
    },
    {
      "type": "Feature",
      "properties": {
        "@id": "way/209721373",
        "area": "yes",
        "light_rail": "yes",
        "network": "LACMTA",
        "public_transport": "platform",
        "railway": "platform"
      },
      "geometry": {
        "type": "Polygon",
        "coordinates": [
          [
            [
              -118.1686341,
              34.0333223
            ],
            [
              -118.1686345,
              34.0333105
            ],
            [
              -118.1686355,
              34.0332779
            ],
            [
              -118.1675787,
              34.0332857
            ],
            [
              -118.1675793,
              34.0333083
            ],
            [
              -118.16758,
              34.0333323
            ],
            [
              -118.1686341,
              34.0333223
            ]
          ]
        ]
      },
      "id": "way/209721373"
    },
    {
      "type": "Feature",
      "properties": {
        "@id": "way/209722178",
        "area": "yes",
        "light_rail": "yes",
        "network": "LACMTA",
        "public_transport": "platform",
        "railway": "platform"
      },
      "geometry": {
        "type": "Polygon",
        "coordinates": [
          [
            [
              -118.1922047,
              34.0346298
            ],
            [
              -118.192194,
              34.0338908
            ],
            [
              -118.192168,
              34.033891
            ],
            [
              -118.1921419,
              34.0338913
            ],
            [
              -118.1921526,
              34.0346303
            ],
            [
              -118.1921748,
              34.0346301
            ],
            [
              -118.1922047,
              34.0346298
            ]
          ]
        ]
      },
      "id": "way/209722178"
    },
    {
      "type": "Feature",
      "properties": {
        "@id": "way/209722327",
        "area": "yes",
        "light_rail": "yes",
        "network": "LACMTA",
        "public_transport": "platform",
        "railway": "platform"
      },
      "geometry": {
        "type": "Polygon",
        "coordinates": [
          [
            [
              -118.2265471,
              34.0476992
            ],
            [
              -118.2265511,
              34.0476547
            ],
            [
              -118.2255627,
              34.0476003
            ],
            [
              -118.2255599,
              34.0476218
            ],
            [
              -118.2255573,
              34.0476414
            ],
            [
              -118.2265471,
              34.0476992
            ]
          ]
        ]
      },
      "id": "way/209722327"
    },
    {
      "type": "Feature",
      "properties": {
        "@id": "way/323125194",
        "area": "yes",
        "layer": "-2",
        "level": "-2",
        "location": "underground",
        "network": "LACMTA",
        "public_transport": "platform",
        "railway": "platform",
        "subway": "yes",
        "tunnel": "yes"
      },
      "geometry": {
        "type": "Polygon",
        "coordinates": [
          [
            [
              -118.2505852,
              34.0501393
            ],
            [
              -118.2515017,
              34.0491644
            ],
            [
              -118.2514872,
              34.0491164
            ],
            [
              -118.251435,
              34.0491223
            ],
            [
              -118.2505228,
              34.0500958
            ],
            [
              -118.2505852,
              34.0501393
            ]
          ]
        ]
      },
      "id": "way/323125194"
    },
    {
      "type": "Feature",
      "properties": {
        "@id": "way/355372415",
        "area": "yes",
        "bench": "yes",
        "bin": "yes",
        "light_rail": "yes",
        "lit": "yes",
        "network": "LACMTA",
        "public_transport": "platform",
        "railway": "platform",
        "shelter": "yes",
        "tactile_paving": "yes"
      },
      "geometry": {
        "type": "Polygon",
        "coordinates": [
          [
            [
              -118.4686768,
              34.0281164
            ],
            [
              -118.4695092,
              34.0278348
            ],
            [
              -118.4694961,
              34.0278081
            ],
            [
              -118.4694913,
              34.0277985
            ],
            [
              -118.4691178,
              34.0279248
            ],
            [
              -118.4686589,
              34.02808
            ],
            [
              -118.4686687,
              34.0281
            ],
            [
              -118.4686768,
              34.0281164
            ]
          ]
        ]
      },
      "id": "way/355372415"
    },
    {
      "type": "Feature",
      "properties": {
        "@id": "way/355372416",
        "area": "yes",
        "bench": "yes",
        "bin": "yes",
        "light_rail": "yes",
        "lit": "yes",
        "network": "LACMTA",
        "public_transport": "platform",
        "railway": "platform",
        "shelter": "yes",
        "surface": "concrete",
        "tactile_paving": "yes"
      },
      "geometry": {
        "type": "Polygon",
        "coordinates": [
          [
            [
              -118.4807435,
              34.0228916
            ],
            [
              -118.4807305,
              34.0228802
            ],
            [
              -118.4807146,
              34.0228665
            ],
            [
              -118.4800733,
              34.023382
            ],
            [
              -118.480087,
              34.0233952
            ],
            [
              -118.4801032,
              34.0234082
            ],
            [
              -118.4807435,
              34.0228916
            ]
          ]
        ]
      },
      "id": "way/355372416"
    },
    {
      "type": "Feature",
      "properties": {
        "@id": "way/355372417",
        "area": "yes",
        "bench": "yes",
        "bin": "yes",
        "bridge": "yes",
        "layer": "1",
        "light_rail": "yes",
        "lit": "yes",
        "network": "LACMTA",
        "public_transport": "platform",
        "railway": "platform",
        "shelter": "yes",
        "tactile_paving": "yes"
      },
      "geometry": {
        "type": "Polygon",
        "coordinates": [
          [
            [
              -118.4533654,
              34.0316419
            ],
            [
              -118.4533453,
              34.0315818
            ],
            [
              -118.4524776,
              34.0317641
            ],
            [
              -118.4524964,
              34.031823
            ],
            [
              -118.4533654,
              34.0316419
            ]
          ]
        ]
      },
      "id": "way/355372417"
    },
    {
      "type": "Feature",
      "properties": {
        "@id": "way/355372418",
        "area": "yes",
        "bench": "yes",
        "bin": "yes",
        "light_rail": "yes",
        "lit": "yes",
        "network": "LACMTA",
        "public_transport": "platform",
        "railway": "platform",
        "shelter": "yes",
        "tactile_paving": "yes"
      },
      "geometry": {
        "type": "Polygon",
        "coordinates": [
          [
            [
              -118.4695564,
              34.0279266
            ],
            [
              -118.4695489,
              34.0279115
            ],
            [
              -118.4695394,
              34.027892
            ],
            [
              -118.4687112,
              34.0281722
            ],
            [
              -118.4687201,
              34.0281903
            ],
            [
              -118.4687283,
              34.0282069
            ],
            [
              -118.4690533,
              34.0280969
            ],
            [
              -118.4695564,
              34.0279266
            ]
          ]
        ]
      },
      "id": "way/355372418"
    },
    {
      "type": "Feature",
      "properties": {
        "@id": "way/369441033",
        "area": "yes",
        "bench": "yes",
        "bin": "yes",
        "light_rail": "yes",
        "lit": "yes",
        "network": "Los Angeles County Metropolitan Transportation Authority",
        "operator": "Los Angeles County Metropolitan Transportation Authority",
        "public_transport": "platform",
        "railway": "platform",
        "shelter": "yes",
        "surface": "concrete",
        "tactile_paving": "yes",
        "wheelchair": "yes"
      },
      "geometry": {
        "type": "Polygon",
        "coordinates": [
          [
            [
              -118.4910854,
              34.0143268
            ],
            [
              -118.4910926,
              34.0143302
            ],
            [
              -118.4911229,
              34.0143448
            ],
            [
              -118.49113,
              34.0143482
            ],
            [
              -118.4915934,
              34.0136975
            ],
            [
              -118.4915694,
              34.0136857
            ],
            [
              -118.4915455,
              34.0136738
            ],
            [
              -118.4910854,
              34.0143268
            ]
          ]
        ]
      },
      "id": "way/369441033"
    },
    {
      "type": "Feature",
      "properties": {
        "@id": "way/369441034",
        "area": "yes",
        "bench": "yes",
        "bin": "yes",
        "light_rail": "yes",
        "lit": "yes",
        "network": "Los Angeles County Metropolitan Transportation Authority",
        "operator": "Los Angeles County Metropolitan Transportation Authority",
        "public_transport": "platform",
        "railway": "platform",
        "shelter": "yes",
        "surface": "concrete",
        "tactile_paving": "yes",
        "wheelchair": "yes"
      },
      "geometry": {
        "type": "Polygon",
        "coordinates": [
          [
            [
              -118.4911545,
              34.0143635
            ],
            [
              -118.4911624,
              34.0143671
            ],
            [
              -118.4911944,
              34.0143821
            ],
            [
              -118.4912015,
              34.0143857
            ],
            [
              -118.4916642,
              34.0137323
            ],
            [
              -118.4916414,
              34.0137211
            ],
            [
              -118.4916185,
              34.0137098
            ],
            [
              -118.4911545,
              34.0143635
            ]
          ]
        ]
      },
      "id": "way/369441034"
    },
    {
      "type": "Feature",
      "properties": {
        "@id": "way/398707343",
        "area": "yes",
        "bench": "yes",
        "bin": "yes",
        "bridge": "yes",
        "check_date:bench": "2023-03-11",
        "layer": "1",
        "light_rail": "yes",
        "lit": "yes",
        "network": "LACMTA",
        "public_transport": "platform",
        "railway": "platform",
        "shelter": "yes",
        "tactile_paving": "yes"
      },
      "geometry": {
        "type": "Polygon",
        "coordinates": [
          [
            [
              -118.4346662,
              34.0353247
            ],
            [
              -118.4345309,
              34.035344
            ],
            [
              -118.4339131,
              34.0354319
            ],
            [
              -118.4338079,
              34.0354469
            ],
            [
              -118.4338161,
              34.0354862
            ],
            [
              -118.4338196,
              34.0355033
            ],
            [
              -118.4339257,
              34.0354882
            ],
            [
              -118.4345423,
              34.0354004
            ],
            [
              -118.4346779,
              34.0353811
            ],
            [
              -118.4346712,
              34.0353487
            ],
            [
              -118.4346662,
              34.0353247
            ]
          ]
        ]
      },
      "id": "way/398707343"
    },
    {
      "type": "Feature",
      "properties": {
        "@id": "way/442335391",
        "area": "yes",
        "bench": "yes",
        "bin": "yes",
        "bridge": "yes",
        "check_date:bin": "2023-03-11",
        "layer": "1",
        "light_rail": "yes",
        "network": "LACMTA",
        "public_transport": "platform",
        "railway": "platform",
        "shelter": "yes",
        "wheelchair": "yes"
      },
      "geometry": {
        "type": "Polygon",
        "coordinates": [
          [
            [
              -118.3893388,
              34.0279502
            ],
            [
              -118.3893425,
              34.0279229
            ],
            [
              -118.3893459,
              34.0278973
            ],
            [
              -118.3891009,
              34.0278746
            ],
            [
              -118.3886087,
              34.0278291
            ],
            [
              -118.3884503,
              34.0278145
            ],
            [
              -118.3884467,
              34.027841
            ],
            [
              -118.3884432,
              34.0278674
            ],
            [
              -118.3885986,
              34.0278818
            ],
            [
              -118.3890934,
              34.0279275
            ],
            [
              -118.3893388,
              34.0279502
            ]
          ]
        ]
      },
      "id": "way/442335391"
    },
    {
      "type": "Feature",
      "properties": {
        "@id": "way/442335392",
        "area": "yes",
        "bench": "yes",
        "bin": "yes",
        "light_rail": "yes",
        "lit": "yes",
        "network": "LACMTA",
        "public_transport": "platform",
        "railway": "platform",
        "shelter": "yes",
        "tactile_paving": "yes",
        "wheelchair": "yes"
      },
      "geometry": {
        "type": "Polygon",
        "coordinates": [
          [
            [
              -118.4250303,
              34.0367705
            ],
            [
              -118.425022,
              34.0367311
            ],
            [
              -118.4241265,
              34.0368605
            ],
            [
              -118.4241347,
              34.0368998
            ],
            [
              -118.4250303,
              34.0367705
            ]
          ]
        ]
      },
      "id": "way/442335392"
    },
    {
      "type": "Feature",
      "properties": {
        "@id": "way/442335393",
        "area": "yes",
        "bench": "yes",
        "bin": "yes",
        "light_rail": "yes",
        "lit": "yes",
        "network": "LACMTA",
        "public_transport": "platform",
        "railway": "platform",
        "shelter": "yes",
        "tactile_paving": "yes",
        "wheelchair": "yes"
      },
      "geometry": {
        "type": "Polygon",
        "coordinates": [
          [
            [
              -118.4047252,
              34.0293361
            ],
            [
              -118.4038457,
              34.0292559
            ],
            [
              -118.4038335,
              34.0292547
            ],
            [
              -118.4038308,
              34.0292753
            ],
            [
              -118.4038261,
              34.0293106
            ],
            [
              -118.4047177,
              34.029392
            ],
            [
              -118.4047252,
              34.0293361
            ]
          ]
        ]
      },
      "id": "way/442335393"
    },
    {
      "type": "Feature",
      "properties": {
        "@id": "way/442335396",
        "area": "yes",
        "bench": "yes",
        "bin": "yes",
        "layer": "1",
        "light_rail": "yes",
        "lit": "yes",
        "network": "LACMTA",
        "public_transport": "platform",
        "railway": "platform",
        "shelter": "yes",
        "tactile_paving": "yes",
        "wheelchair": "yes"
      },
      "geometry": {
        "type": "Polygon",
        "coordinates": [
          [
            [
              -118.3547283,
              34.0247433
            ],
            [
              -118.3547254,
              34.0247649
            ],
            [
              -118.3547204,
              34.0248022
            ],
            [
              -118.3548774,
              34.0248167
            ],
            [
              -118.3553893,
              34.0248639
            ],
            [
              -118.3555828,
              34.0248817
            ],
            [
              -118.3555865,
              34.0248538
            ],
            [
              -118.3555907,
              34.0248228
            ],
            [
              -118.355397,
              34.0248049
            ],
            [
              -118.3548818,
              34.0247574
            ],
            [
              -118.3547283,
              34.0247433
            ]
          ]
        ]
      },
      "id": "way/442335396"
    },
    {
      "type": "Feature",
      "properties": {
        "@id": "way/442335397",
        "area": "yes",
        "bench": "yes",
        "bin": "yes",
        "check_date:bin": "2023-03-11",
        "light_rail": "yes",
        "lit": "yes",
        "network": "LACMTA",
        "public_transport": "platform",
        "railway": "platform",
        "shelter": "yes",
        "tactile_paving": "yes",
        "wheelchair": "yes"
      },
      "geometry": {
        "type": "Polygon",
        "coordinates": [
          [
            [
              -118.3472483,
              34.0240307
            ],
            [
              -118.3472523,
              34.024002
            ],
            [
              -118.3463596,
              34.0239182
            ],
            [
              -118.3463575,
              34.0239337
            ],
            [
              -118.3463556,
              34.023947
            ],
            [
              -118.3472483,
              34.0240307
            ]
          ]
        ]
      },
      "id": "way/442335397"
    },
    {
      "type": "Feature",
      "properties": {
        "@id": "way/442335398",
        "area": "yes",
        "bench": "yes",
        "bin": "yes",
        "light_rail": "yes",
        "lit": "yes",
        "network": "LACMTA",
        "public_transport": "platform",
        "railway": "platform",
        "shelter": "yes",
        "tactile_paving": "yes",
        "wheelchair": "yes"
      },
      "geometry": {
        "type": "Polygon",
        "coordinates": [
          [
            [
              -118.3458113,
              34.0239928
            ],
            [
              -118.345813,
              34.0239801
            ],
            [
              -118.3458152,
              34.023964
            ],
            [
              -118.3455157,
              34.0239356
            ],
            [
              -118.3449226,
              34.0238795
            ],
            [
              -118.3449187,
              34.0239082
            ],
            [
              -118.3455111,
              34.0239643
            ],
            [
              -118.3458113,
              34.0239928
            ]
          ]
        ]
      },
      "id": "way/442335398"
    },
    {
      "type": "Feature",
      "properties": {
        "@id": "way/442335399",
        "area": "yes",
        "bench": "yes",
        "bin": "yes",
        "check_date:bin": "2023-08-23",
        "light_rail": "yes",
        "lit": "yes",
        "network": "Metro",
        "public_transport": "platform",
        "railway": "platform",
        "ref": "Platform 1 To Santa Monica",
        "shelter": "yes",
        "tactile_paving": "yes",
        "wheelchair": "yes"
      },
      "geometry": {
        "type": "Polygon",
        "coordinates": [
          [
            [
              -118.3342624,
              34.0224512
            ],
            [
              -118.3342661,
              34.0224366
            ],
            [
              -118.3342702,
              34.0224224
            ],
            [
              -118.333373,
              34.0222549
            ],
            [
              -118.3333651,
              34.0222838
            ],
            [
              -118.3342624,
              34.0224512
            ]
          ]
        ]
      },
      "id": "way/442335399"
    },
    {
      "type": "Feature",
      "properties": {
        "@id": "way/442335400",
        "area": "yes",
        "bench": "yes",
        "light_rail": "yes",
        "network": "LACMTA",
        "public_transport": "platform",
        "railway": "platform",
        "shelter": "yes",
        "wheelchair": "yes"
      },
      "geometry": {
        "type": "Polygon",
        "coordinates": [
          [
            [
              -118.2782918,
              34.0217818
            ],
            [
              -118.278275,
              34.0217751
            ],
            [
              -118.2782607,
              34.0217688
            ],
            [
              -118.2778549,
              34.0224329
            ],
            [
              -118.277886,
              34.0224459
            ],
            [
              -118.2782918,
              34.0217818
            ]
          ]
        ]
      },
      "id": "way/442335400"
    },
    {
      "type": "Feature",
      "properties": {
        "@id": "way/442335401",
        "area": "yes",
        "bench": "yes",
        "bin": "yes",
        "layer": "1",
        "light_rail": "yes",
        "lit": "yes",
        "network": "LACMTA",
        "public_transport": "platform",
        "railway": "platform",
        "shelter": "yes",
        "tactile_paving": "yes",
        "wheelchair": "yes"
      },
      "geometry": {
        "type": "Polygon",
        "coordinates": [
          [
            [
              -118.3725535,
              34.026423
            ],
            [
              -118.3725564,
              34.0263988
            ],
            [
              -118.3725602,
              34.0263672
            ],
            [
              -118.372542,
              34.0263657
            ],
            [
              -118.3723914,
              34.0263533
            ],
            [
              -118.371879,
              34.0263113
            ],
            [
              -118.3716717,
              34.0262943
            ],
            [
              -118.3716683,
              34.0263228
            ],
            [
              -118.371665,
              34.0263501
            ],
            [
              -118.3718757,
              34.0263674
            ],
            [
              -118.3723856,
              34.0264093
            ],
            [
              -118.3725261,
              34.0264208
            ],
            [
              -118.3725535,
              34.026423
            ]
          ]
        ]
      },
      "id": "way/442335401"
    },
    {
      "type": "Feature",
      "properties": {
        "@id": "way/442335402",
        "area": "yes",
        "bench": "yes",
        "bin": "yes",
        "light_rail": "yes",
        "lit": "yes",
        "network": "Metro",
        "public_transport": "platform",
        "railway": "platform",
        "ref": "Platform 2 To Downtown",
        "shelter": "yes",
        "tactile_paving": "yes",
        "wheelchair": "yes"
      },
      "geometry": {
        "type": "Polygon",
        "coordinates": [
          [
            [
              -118.3368053,
              34.0227909
            ],
            [
              -118.3368123,
              34.0227619
            ],
            [
              -118.3359109,
              34.0226117
            ],
            [
              -118.3359071,
              34.0226237
            ],
            [
              -118.3359039,
              34.0226407
            ],
            [
              -118.3368053,
              34.0227909
            ]
          ]
        ]
      },
      "id": "way/442335402"
    },
    {
      "type": "Feature",
      "properties": {
        "@id": "way/442335403",
        "area": "yes",
        "bench": "yes",
        "bin": "yes",
        "light_rail": "yes",
        "network": "LACMTA",
        "public_transport": "platform",
        "railway": "platform",
        "shelter": "yes",
        "wheelchair": "yes"
      },
      "geometry": {
        "type": "Polygon",
        "coordinates": [
          [
            [
              -118.2783867,
              34.0218216
            ],
            [
              -118.2783775,
              34.0218181
            ],
            [
              -118.2783639,
              34.021812
            ],
            [
              -118.2783556,
              34.0218085
            ],
            [
              -118.2779498,
              34.0224726
            ],
            [
              -118.2779809,
              34.0224857
            ],
            [
              -118.2783867,
              34.0218216
            ]
          ]
        ]
      },
      "id": "way/442335403"
    },
    {
      "type": "Feature",
      "properties": {
        "@id": "way/442353117",
        "area": "yes",
        "bench": "yes",
        "light_rail": "yes",
        "network": "LACMTA",
        "public_transport": "platform",
        "railway": "platform",
        "shelter": "yes",
        "wheelchair": "yes"
      },
      "geometry": {
        "type": "Polygon",
        "coordinates": [
          [
            [
              -118.2738166,
              34.0288248
            ],
            [
              -118.2737966,
              34.028816
            ],
            [
              -118.2737742,
              34.0288062
            ],
            [
              -118.2733528,
              34.0294657
            ],
            [
              -118.2733755,
              34.0294757
            ],
            [
              -118.2733952,
              34.0294843
            ],
            [
              -118.2738166,
              34.0288248
            ]
          ]
        ]
      },
      "id": "way/442353117"
    },
    {
      "type": "Feature",
      "properties": {
        "@id": "way/442378937",
        "area": "yes",
        "bench": "yes",
        "bin": "yes",
        "light_rail": "yes",
        "lit": "yes",
        "network": "LACMTA",
        "public_transport": "platform",
        "railway": "platform",
        "shelter": "yes",
        "tactile_paving": "yes"
      },
      "geometry": {
        "type": "Polygon",
        "coordinates": [
          [
            [
              -118.2377956,
              33.9284057
            ],
            [
              -118.2373052,
              33.9274746
            ],
            [
              -118.2372789,
              33.927423
            ],
            [
              -118.2372495,
              33.9274325
            ],
            [
              -118.2372174,
              33.9274434
            ],
            [
              -118.2377278,
              33.9284302
            ],
            [
              -118.2377611,
              33.9284182
            ],
            [
              -118.2377956,
              33.9284057
            ]
          ]
        ]
      },
      "id": "way/442378937"
    },
    {
      "type": "Feature",
      "properties": {
        "@id": "way/442378940",
        "area": "yes",
        "bench": "yes",
        "bin": "yes",
        "light_rail": "yes",
        "network": "LACMTA",
        "public_transport": "platform",
        "railway": "platform",
        "shelter": "yes",
        "tactile_paving": "yes"
      },
      "geometry": {
        "type": "Polygon",
        "coordinates": [
          [
            [
              -118.2559719,
              34.0270507
            ],
            [
              -118.255976,
              34.0270446
            ],
            [
              -118.2559952,
              34.0270164
            ],
            [
              -118.2557563,
              34.0269051
            ],
            [
              -118.2551211,
              34.0266091
            ],
            [
              -118.2550978,
              34.0266434
            ],
            [
              -118.2557331,
              34.0269394
            ],
            [
              -118.2559719,
              34.0270507
            ]
          ]
        ]
      },
      "id": "way/442378940"
    },
    {
      "type": "Feature",
      "properties": {
        "@id": "way/443319148",
        "access": "customers",
        "area": "yes",
        "covered": "yes",
        "departures_board": "realtime",
        "fixme": "distance not known",
        "indoor": "yes",
        "layer": "-2",
        "level": "-2",
        "lit": "yes",
        "location": "underground",
        "network": "LACMTA",
        "public_transport": "platform",
        "railway": "platform",
        "subway": "yes",
        "surface": "paved",
        "tunnel": "yes",
        "wheelchair": "yes"
      },
      "geometry": {
        "type": "Polygon",
        "coordinates": [
          [
            [
              -118.233878,
              34.0553011
            ],
            [
              -118.2339822,
              34.0554
            ],
            [
              -118.2348276,
              34.0562021
            ],
            [
              -118.2350237,
              34.0563882
            ],
            [
              -118.235106,
              34.0563286
            ],
            [
              -118.2349103,
              34.0561429
            ],
            [
              -118.2340651,
              34.055341
            ],
            [
              -118.2339585,
              34.0552399
            ],
            [
              -118.233878,
              34.0553011
            ]
          ]
        ]
      },
      "id": "way/443319148"
    },
    {
      "type": "Feature",
      "properties": {
        "@id": "way/471232549",
        "area": "yes",
        "height": "1.2",
        "light_rail": "yes",
        "network": "LACMTA",
        "public_transport": "platform",
        "railway": "platform"
      },
      "geometry": {
        "type": "Polygon",
        "coordinates": [
          [
            [
              -118.0288503,
              34.1426115
            ],
            [
              -118.0288281,
              34.1426351
            ],
            [
              -118.0288202,
              34.1426436
            ],
            [
              -118.0288166,
              34.1426474
            ],
            [
              -118.0295235,
              34.143101
            ],
            [
              -118.0295572,
              34.143065
            ],
            [
              -118.0288503,
              34.1426115
            ]
          ]
        ]
      },
      "id": "way/471232549"
    },
    {
      "type": "Feature",
      "properties": {
        "@id": "way/534896703",
        "area": "yes",
        "bridge": "yes",
        "layer": "1",
        "light_rail": "yes",
        "network": "LACMTA",
        "public_transport": "platform",
        "railway": "platform"
      },
      "geometry": {
        "type": "Polygon",
        "coordinates": [
          [
            [
              -118.3876319,
              33.92342
            ],
            [
              -118.3876305,
              33.9228628
            ],
            [
              -118.3875476,
              33.9228581
            ],
            [
              -118.3875529,
              33.9234173
            ],
            [
              -118.3876319,
              33.92342
            ]
          ]
        ]
      },
      "id": "way/534896703"
    },
    {
      "type": "Feature",
      "properties": {
        "@id": "way/535083877",
        "area": "yes",
        "light_rail": "yes",
        "lit": "yes",
        "network": "LACMTA",
        "public_transport": "platform",
        "railway": "platform",
        "shelter": "yes"
      },
      "geometry": {
        "type": "Polygon",
        "coordinates": [
          [
            [
              -118.1412419,
              33.913109
            ],
            [
              -118.1412422,
              33.9130584
            ],
            [
              -118.1410421,
              33.9130576
            ],
            [
              -118.1402343,
              33.9130544
            ],
            [
              -118.1400192,
              33.9130536
            ],
            [
              -118.1400189,
              33.9131042
            ],
            [
              -118.1402347,
              33.913105
            ],
            [
              -118.141044,
              33.9131082
            ],
            [
              -118.1412419,
              33.913109
            ]
          ]
        ]
      },
      "id": "way/535083877"
    },
    {
      "type": "Feature",
      "properties": {
        "@id": "way/536131666",
        "area": "yes",
        "bench": "yes",
        "bin": "yes",
        "bridge": "viaduct",
        "layer": "1",
        "lit": "yes",
        "name": "Aviation/Imperial",
        "operator": "Los Angeles County Metropolitan Transportation Authority",
        "public_transport": "platform",
        "railway": "platform",
        "shelter": "yes",
        "subway": "yes",
        "surface": "paved",
        "tactile_paving": "yes"
      },
      "geometry": {
        "type": "Polygon",
        "coordinates": [
          [
            [
              -118.377474,
              33.9296756
            ],
            [
              -118.3774743,
              33.9296551
            ],
            [
              -118.3774746,
              33.9296275
            ],
            [
              -118.3774747,
              33.9296226
            ],
            [
              -118.3774751,
              33.9295957
            ],
            [
              -118.3768668,
              33.92959
            ],
            [
              -118.3768663,
              33.9296239
            ],
            [
              -118.3768657,
              33.9296698
            ],
            [
              -118.377474,
              33.9296756
            ]
          ]
        ]
      },
      "id": "way/536131666"
    },
    {
      "type": "Feature",
      "properties": {
        "@id": "way/536934234",
        "area": "yes",
        "bridge": "yes",
        "layer": "1",
        "light_rail": "yes",
        "lit": "yes",
        "network": "LACMTA",
        "public_transport": "platform",
        "railway": "platform",
        "shelter": "yes"
      },
      "geometry": {
        "type": "Polygon",
        "coordinates": [
          [
            [
              -118.3871401,
              33.9165744
            ],
            [
              -118.3871884,
              33.9165331
            ],
            [
              -118.3864176,
              33.9158898
            ],
            [
              -118.386359,
              33.915947
            ],
            [
              -118.3871401,
              33.9165744
            ]
          ]
        ]
      },
      "id": "way/536934234"
    },
    {
      "type": "Feature",
      "properties": {
        "@id": "way/536934235",
        "area": "yes",
        "bridge": "yes",
        "layer": "2",
        "light_rail": "yes",
        "network": "LACMTA",
        "public_transport": "platform",
        "railway": "platform"
      },
      "geometry": {
        "type": "Polygon",
        "coordinates": [
          [
            [
              -118.3827954,
              33.9050692
            ],
            [
              -118.3833684,
              33.9055126
            ],
            [
              -118.3834149,
              33.9054712
            ],
            [
              -118.3828419,
              33.9050278
            ],
            [
              -118.3827954,
              33.9050692
            ]
          ]
        ]
      },
      "id": "way/536934235"
    },
    {
      "type": "Feature",
      "properties": {
        "@id": "way/540099593",
        "area": "yes",
        "bridge": "yes",
        "layer": "1",
        "light_rail": "yes",
        "network": "LACMTA",
        "public_transport": "platform",
        "railway": "platform"
      },
      "geometry": {
        "type": "Polygon",
        "coordinates": [
          [
            [
              -118.3269817,
              33.9252198
            ],
            [
              -118.3269728,
              33.9251574
            ],
            [
              -118.3268382,
              33.9251625
            ],
            [
              -118.3265674,
              33.9251754
            ],
            [
              -118.3264676,
              33.9251809
            ],
            [
              -118.3261927,
              33.9251964
            ],
            [
              -118.3260545,
              33.9252074
            ],
            [
              -118.3260558,
              33.9252744
            ],
            [
              -118.3262025,
              33.9252695
            ],
            [
              -118.3264725,
              33.9252487
            ],
            [
              -118.3265695,
              33.9252432
            ],
            [
              -118.3268434,
              33.9252317
            ],
            [
              -118.3269817,
              33.9252198
            ]
          ]
        ]
      },
      "id": "way/540099593"
    },
    {
      "type": "Feature",
      "properties": {
        "@id": "way/540100314",
        "area": "yes",
        "bridge": "yes",
        "layer": "1",
        "light_rail": "yes",
        "lit": "yes",
        "network": "LACMTA",
        "public_transport": "platform",
        "railway": "platform",
        "shelter": "yes"
      },
      "geometry": {
        "type": "Polygon",
        "coordinates": [
          [
            [
              -118.3688735,
              33.8943851
            ],
            [
              -118.3688292,
              33.8944254
            ],
            [
              -118.3694314,
              33.8948804
            ],
            [
              -118.3694756,
              33.8948401
            ],
            [
              -118.3688735,
              33.8943851
            ]
          ]
        ]
      },
      "id": "way/540100314"
    },
    {
      "type": "Feature",
      "properties": {
        "@id": "way/540100736",
        "area": "yes",
        "light_rail": "yes",
        "network": "LACMTA",
        "public_transport": "platform",
        "railway": "platform"
      },
      "geometry": {
        "type": "Polygon",
        "coordinates": [
          [
            [
              -117.8921475,
              34.1367875
            ],
            [
              -117.8921387,
              34.1367431
            ],
            [
              -117.891259,
              34.1368363
            ],
            [
              -117.8912646,
              34.1368658
            ],
            [
              -117.8912677,
              34.1368824
            ],
            [
              -117.8921475,
              34.1367875
            ]
          ]
        ]
      },
      "id": "way/540100736"
    },
    {
      "type": "Feature",
      "properties": {
        "@id": "way/542628976",
        "area": "yes",
        "bench": "yes",
        "bin": "yes",
        "light_rail": "yes",
        "network": "LACMTA",
        "public_transport": "platform",
        "railway": "platform",
        "shelter": "yes"
      },
      "geometry": {
        "type": "Polygon",
        "coordinates": [
          [
            [
              -118.0038677,
              34.1333332
            ],
            [
              -118.0038805,
              34.133301
            ],
            [
              -118.0037569,
              34.1332676
            ],
            [
              -118.0034858,
              34.1331943
            ],
            [
              -118.0034074,
              34.1331731
            ],
            [
              -118.003134,
              34.1330992
            ],
            [
              -118.0030322,
              34.1330717
            ],
            [
              -118.0030195,
              34.1330995
            ],
            [
              -118.0031207,
              34.1331274
            ],
            [
              -118.0033927,
              34.1332023
            ],
            [
              -118.003473,
              34.1332244
            ],
            [
              -118.0037458,
              34.1332996
            ],
            [
              -118.0038677,
              34.1333332
            ]
          ]
        ]
      },
      "id": "way/542628976"
    },
    {
      "type": "Feature",
      "properties": {
        "@id": "way/542628977",
        "area": "yes",
        "light_rail": "yes",
        "network": "LACMTA",
        "public_transport": "platform",
        "railway": "platform",
        "shelter": "yes"
      },
      "geometry": {
        "type": "Polygon",
        "coordinates": [
          [
            [
              -118.0030698,
              34.1330101
            ],
            [
              -118.0031609,
              34.1330354
            ],
            [
              -118.0034301,
              34.13311
            ],
            [
              -118.0035083,
              34.1331317
            ],
            [
              -118.0037826,
              34.1332077
            ],
            [
              -118.0039046,
              34.1332416
            ],
            [
              -118.0039167,
              34.1332105
            ],
            [
              -118.0037948,
              34.1331773
            ],
            [
              -118.0035225,
              34.133103
            ],
            [
              -118.0034406,
              34.1330807
            ],
            [
              -118.0031732,
              34.1330076
            ],
            [
              -118.0030819,
              34.1329829
            ],
            [
              -118.0030744,
              34.1329998
            ],
            [
              -118.0030698,
              34.1330101
            ]
          ]
        ]
      },
      "id": "way/542628977"
    },
    {
      "type": "Feature",
      "properties": {
        "@id": "way/559228350",
        "area": "yes",
        "light_rail": "yes",
        "network": "LACMTA",
        "public_transport": "platform",
        "railway": "platform"
      },
      "geometry": {
        "type": "Polygon",
        "coordinates": [
          [
            [
              -117.9682274,
              34.1325298
            ],
            [
              -117.968227,
              34.1324943
            ],
            [
              -117.9679949,
              34.1324957
            ],
            [
              -117.967726,
              34.1324978
            ],
            [
              -117.9676247,
              34.1324984
            ],
            [
              -117.9673545,
              34.1324988
            ],
            [
              -117.9668191,
              34.1324971
            ],
            [
              -117.9668189,
              34.1325315
            ],
            [
              -117.9673575,
              34.1325332
            ],
            [
              -117.9676259,
              34.1325332
            ],
            [
              -117.9677254,
              34.1325329
            ],
            [
              -117.9679979,
              34.1325313
            ],
            [
              -117.9682274,
              34.1325298
            ]
          ]
        ]
      },
      "id": "way/559228350"
    },
    {
      "type": "Feature",
      "properties": {
        "@id": "way/560550601",
        "area": "yes",
        "bridge": "yes",
        "layer": "1",
        "light_rail": "yes",
        "network": "LACMTA",
        "public_transport": "platform",
        "railway": "platform",
        "shelter": "yes"
      },
      "geometry": {
        "type": "Polygon",
        "coordinates": [
          [
            [
              -118.2104375,
              33.9251406
            ],
            [
              -118.210476,
              33.9250801
            ],
            [
              -118.2094981,
              33.9246514
            ],
            [
              -118.2094596,
              33.9247119
            ],
            [
              -118.2104375,
              33.9251406
            ]
          ]
        ]
      },
      "id": "way/560550601"
    },
    {
      "type": "Feature",
      "properties": {
        "@id": "way/563452714",
        "area": "yes",
        "light_rail": "yes",
        "network": "LACMTA",
        "public_transport": "platform",
        "railway": "platform"
      },
      "geometry": {
        "type": "Polygon",
        "coordinates": [
          [
            [
              -118.1052304,
              33.9139853
            ],
            [
              -118.1052246,
              33.9139498
            ],
            [
              -118.1043214,
              33.9140578
            ],
            [
              -118.1043269,
              33.9140897
            ],
            [
              -118.1043326,
              33.9141225
            ],
            [
              -118.1052358,
              33.9140144
            ],
            [
              -118.1052304,
              33.9139853
            ]
          ]
        ]
      },
      "id": "way/563452714"
    },
    {
      "type": "Feature",
      "properties": {
        "@id": "way/621868231",
        "area": "yes",
        "bench": "yes",
        "departures_board": "realtime",
        "light_rail": "yes",
        "network": "Metro Rail",
        "network:wikidata": "Q1339558",
        "network:wikipedia": "en:Los Angeles Metro Rail",
        "operator": "Los Angeles County Metropolitan Transportation Authority",
        "operator:wikidata": "Q3259702",
        "operator:wikipedia": "en:Los Angeles County Metropolitan Transportation Authority",
        "owner": "Los Angeles County Metropolitan Transportation Authority",
        "owner:wikidata": "Q3259702",
        "owner:wikipedia": "en:Los Angeles County Metropolitan Transportation Authority",
        "public_transport": "platform",
        "railway": "platform",
        "shelter": "yes",
        "wikidata": "Q16974837",
        "wikipedia": "en:Fairview Heights station (Los Angeles Metro)"
      },
      "geometry": {
        "type": "Polygon",
        "coordinates": [
          [
            [
              -118.3365861,
              33.9750027
            ],
            [
              -118.3358404,
              33.9753536
            ],
            [
              -118.3358612,
              33.9753839
            ],
            [
              -118.33587,
              33.9753968
            ],
            [
              -118.3366156,
              33.9750459
            ],
            [
              -118.3366067,
              33.9750329
            ],
            [
              -118.3365861,
              33.9750027
            ]
          ]
        ]
      },
      "id": "way/621868231"
    },
    {
      "type": "Feature",
      "properties": {
        "@id": "way/621868232",
        "area": "yes",
        "departures_board": "realtime",
        "light_rail": "yes",
        "network": "Metro Rail",
        "network:wikidata": "Q1339558",
        "network:wikipedia": "en:Los Angeles Metro Rail",
        "operator": "Los Angeles County Metropolitan Transportation Authority",
        "operator:wikidata": "Q3259702",
        "operator:wikipedia": "en:Los Angeles County Metropolitan Transportation Authority",
        "owner": "Los Angeles County Metropolitan Transportation Authority",
        "owner:wikidata": "Q3259702",
        "owner:wikipedia": "en:Los Angeles County Metropolitan Transportation Authority",
        "public_transport": "platform",
        "railway": "platform",
        "shelter": "yes",
        "wikidata": "Q16974837",
        "wikipedia": "en:Downtown Inglewood station"
      },
      "geometry": {
        "type": "Polygon",
        "coordinates": [
          [
            [
              -118.3517472,
              33.9669448
            ],
            [
              -118.351719,
              33.9669275
            ],
            [
              -118.3516983,
              33.9669149
            ],
            [
              -118.3511351,
              33.96755
            ],
            [
              -118.351184,
              33.9675799
            ],
            [
              -118.3517472,
              33.9669448
            ]
          ]
        ]
      },
      "id": "way/621868232"
    },
    {
      "type": "Feature",
      "properties": {
        "@id": "way/664015318",
        "area": "yes",
        "bench": "yes",
        "bin": "yes",
        "layer": "-3",
        "lit": "yes",
        "public_transport": "platform",
        "railway": "platform",
        "subway": "yes",
        "tactile_paving": "yes",
        "tunnel": "yes"
      },
      "geometry": {
        "type": "Polygon",
        "coordinates": [
          [
            [
              -118.2593653,
              34.0489994
            ],
            [
              -118.2581905,
              34.0482426
            ],
            [
              -118.2581236,
              34.0483139
            ],
            [
              -118.2592985,
              34.0490706
            ],
            [
              -118.2593653,
              34.0489994
            ]
          ]
        ]
      },
      "id": "way/664015318"
    },
    {
      "type": "Feature",
      "properties": {
        "@id": "way/664015319",
        "area": "yes",
        "layer": "-2",
        "level": "-2",
        "location": "underground",
        "network": "LACMTA",
        "public_transport": "platform",
        "railway": "platform",
        "subway": "yes",
        "tunnel": "yes"
      },
      "geometry": {
        "type": "Polygon",
        "coordinates": [
          [
            [
              -118.2456829,
              34.0554059
            ],
            [
              -118.246583,
              34.0544416
            ],
            [
              -118.246498,
              34.0543872
            ],
            [
              -118.2455985,
              34.0553506
            ],
            [
              -118.2456107,
              34.0553592
            ],
            [
              -118.2456829,
              34.0554059
            ]
          ]
        ]
      },
      "id": "way/664015319"
    },
    {
      "type": "Feature",
      "properties": {
        "@id": "way/664298990",
        "area": "yes",
        "layer": "-2",
        "level": "-2",
        "light_rail": "yes",
        "location": "underground",
        "network": "LACMTA",
        "public_transport": "platform",
        "railway": "platform",
        "tunnel": "yes"
      },
      "geometry": {
        "type": "Polygon",
        "coordinates": [
          [
            [
              -118.2098499,
              34.0436889
            ],
            [
              -118.2098248,
              34.0437275
            ],
            [
              -118.2106125,
              34.0440785
            ],
            [
              -118.2106376,
              34.0440399
            ],
            [
              -118.2098499,
              34.0436889
            ]
          ]
        ]
      },
      "id": "way/664298990"
    },
    {
      "type": "Feature",
      "properties": {
        "@id": "way/664298991",
        "area": "yes",
        "layer": "-2",
        "level": "-2",
        "light_rail": "yes",
        "location": "underground",
        "network": "LACMTA",
        "public_transport": "platform",
        "railway": "platform",
        "tunnel": "yes"
      },
      "geometry": {
        "type": "Polygon",
        "coordinates": [
          [
            [
              -118.2190252,
              34.047153
            ],
            [
              -118.2190213,
              34.0471967
            ],
            [
              -118.2199132,
              34.0472519
            ],
            [
              -118.2199171,
              34.0472083
            ],
            [
              -118.2190252,
              34.047153
            ]
          ]
        ]
      },
      "id": "way/664298991"
    },
    {
      "type": "Feature",
      "properties": {
        "@id": "way/664298994",
        "area": "yes",
        "light_rail": "yes",
        "network": "LACMTA",
        "public_transport": "platform",
        "railway": "platform"
      },
      "geometry": {
        "type": "Polygon",
        "coordinates": [
          [
            [
              -117.9329369,
              34.1290777
            ],
            [
              -117.9329346,
              34.129065
            ],
            [
              -117.9329311,
              34.1290454
            ],
            [
              -117.9320534,
              34.1291544
            ],
            [
              -117.9320593,
              34.1291868
            ],
            [
              -117.9329369,
              34.1290777
            ]
          ]
        ]
      },
      "id": "way/664298994"
    },
    {
      "type": "Feature",
      "properties": {
        "@id": "way/664298995",
        "area": "yes",
        "light_rail": "yes",
        "network": "LACMTA",
        "public_transport": "platform",
        "railway": "platform"
      },
      "geometry": {
        "type": "Polygon",
        "coordinates": [
          [
            [
              -117.9329205,
              34.1289822
            ],
            [
              -117.9329175,
              34.1289656
            ],
            [
              -117.9329146,
              34.1289499
            ],
            [
              -117.9320369,
              34.1290589
            ],
            [
              -117.9320428,
              34.1290913
            ],
            [
              -117.9329205,
              34.1289822
            ]
          ]
        ]
      },
      "id": "way/664298995"
    },
    {
      "type": "Feature",
      "properties": {
        "@id": "way/664298997",
        "area": "yes",
        "bench": "yes",
        "light_rail": "yes",
        "network": "LACMTA",
        "public_transport": "platform",
        "railway": "platform",
        "shelter": "yes"
      },
      "geometry": {
        "type": "Polygon",
        "coordinates": [
          [
            [
              -118.2242247,
              33.8971339
            ],
            [
              -118.2242781,
              33.8979478
            ],
            [
              -118.2242986,
              33.8979469
            ],
            [
              -118.2243255,
              33.8979456
            ],
            [
              -118.2242721,
              33.8971317
            ],
            [
              -118.2242247,
              33.8971339
            ]
          ]
        ]
      },
      "id": "way/664298997"
    },
    {
      "type": "Feature",
      "properties": {
        "@id": "way/664298998",
        "area": "yes",
        "light_rail": "yes",
        "network": "LACMTA",
        "public_transport": "platform",
        "railway": "platform"
      },
      "geometry": {
        "type": "Polygon",
        "coordinates": [
          [
            [
              -117.9070687,
              34.1358165
            ],
            [
              -117.9070606,
              34.1357985
            ],
            [
              -117.9070549,
              34.1357859
            ],
            [
              -117.9062234,
              34.1360428
            ],
            [
              -117.9062281,
              34.1360531
            ],
            [
              -117.9062373,
              34.1360735
            ],
            [
              -117.9070687,
              34.1358165
            ]
          ]
        ]
      },
      "id": "way/664298998"
    },
    {
      "type": "Feature",
      "properties": {
        "@id": "way/664298999",
        "area": "yes",
        "light_rail": "yes",
        "network": "LACMTA",
        "public_transport": "platform",
        "railway": "platform"
      },
      "geometry": {
        "type": "Polygon",
        "coordinates": [
          [
            [
              -117.9070242,
              34.1357174
            ],
            [
              -117.9070164,
              34.1357
            ],
            [
              -117.9070104,
              34.1356867
            ],
            [
              -117.906179,
              34.1359437
            ],
            [
              -117.9061928,
              34.1359743
            ],
            [
              -117.9070242,
              34.1357174
            ]
          ]
        ]
      },
      "id": "way/664298999"
    },
    {
      "type": "Feature",
      "properties": {
        "@id": "way/664520636",
        "area": "yes",
        "light_rail": "yes",
        "network": "LACMTA",
        "public_transport": "platform",
        "railway": "platform"
      },
      "geometry": {
        "type": "Polygon",
        "coordinates": [
          [
            [
              -118.2923279,
              33.9286562
            ],
            [
              -118.2912313,
              33.9286617
            ],
            [
              -118.2912318,
              33.9287261
            ],
            [
              -118.2923284,
              33.9287206
            ],
            [
              -118.2923279,
              33.9286562
            ]
          ]
        ]
      },
      "id": "way/664520636"
    },
    {
      "type": "Feature",
      "properties": {
        "@id": "way/664520637",
        "area": "yes",
        "bench": "yes",
        "bridge": "yes",
        "layer": "1",
        "light_rail": "yes",
        "network": "LACMTA",
        "public_transport": "platform",
        "railway": "platform",
        "shelter": "yes"
      },
      "geometry": {
        "type": "Polygon",
        "coordinates": [
          [
            [
              -118.2656573,
              33.92745
            ],
            [
              -118.2647384,
              33.9274503
            ],
            [
              -118.2647385,
              33.9275116
            ],
            [
              -118.2656573,
              33.9275113
            ],
            [
              -118.2656573,
              33.92745
            ]
          ]
        ]
      },
      "id": "way/664520637"
    },
    {
      "type": "Feature",
      "properties": {
        "@id": "way/664535910",
        "area": "yes",
        "bench": "yes",
        "bin": "yes",
        "layer": "-2",
        "level": "-2",
        "location": "underground",
        "network": "LACMTA",
        "public_transport": "platform",
        "railway": "platform",
        "subway": "yes",
        "tactile_paving": "no",
        "tunnel": "yes"
      },
      "geometry": {
        "type": "Polygon",
        "coordinates": [
          [
            [
              -118.3765404,
              34.1681669
            ],
            [
              -118.3773449,
              34.1694983
            ],
            [
              -118.3773746,
              34.1694861
            ],
            [
              -118.3765792,
              34.1681519
            ],
            [
              -118.3765404,
              34.1681669
            ]
          ]
        ]
      },
      "id": "way/664535910"
    },
    {
      "type": "Feature",
      "properties": {
        "@id": "way/664535911",
        "area": "yes",
        "layer": "-2",
        "level": "-2",
        "location": "underground",
        "network": "LACMTA",
        "public_transport": "platform",
        "railway": "platform",
        "subway": "yes",
        "tunnel": "yes"
      },
      "geometry": {
        "type": "Polygon",
        "coordinates": [
          [
            [
              -118.3620288,
              34.1391854
            ],
            [
              -118.3612524,
              34.1405444
            ],
            [
              -118.361299,
              34.1405627
            ],
            [
              -118.3620754,
              34.1392037
            ],
            [
              -118.3620288,
              34.1391854
            ]
          ]
        ]
      },
      "id": "way/664535911"
    },
    {
      "type": "Feature",
      "properties": {
        "@id": "way/664535912",
        "area": "yes",
        "layer": "-2",
        "level": "-2",
        "location": "underground",
        "network": "LACMTA",
        "public_transport": "platform",
        "railway": "platform",
        "subway": "yes",
        "tunnel": "yes"
      },
      "geometry": {
        "type": "Polygon",
        "coordinates": [
          [
            [
              -118.340726,
              34.1015263
            ],
            [
              -118.3389098,
              34.1015365
            ],
            [
              -118.3389101,
              34.1015792
            ],
            [
              -118.3407264,
              34.101569
            ],
            [
              -118.340726,
              34.1015263
            ]
          ]
        ]
      },
      "id": "way/664535912"
    },
    {
      "type": "Feature",
      "properties": {
        "@id": "way/664535913",
        "area": "yes",
        "layer": "-2",
        "level": "-2",
        "location": "underground",
        "network": "LACMTA",
        "public_transport": "platform",
        "railway": "platform",
        "subway": "yes",
        "tunnel": "yes"
      },
      "geometry": {
        "type": "Polygon",
        "coordinates": [
          [
            [
              -118.3256919,
              34.1016344
            ],
            [
              -118.3238757,
              34.1016445
            ],
            [
              -118.323876,
              34.1016872
            ],
            [
              -118.3256923,
              34.101677
            ],
            [
              -118.3256919,
              34.1016344
            ]
          ]
        ]
      },
      "id": "way/664535913"
    },
    {
      "type": "Feature",
      "properties": {
        "@id": "way/664535914",
        "area": "yes",
        "layer": "-2",
        "level": "-2",
        "location": "underground",
        "network": "LACMTA",
        "public_transport": "platform",
        "railway": "platform",
        "subway": "yes",
        "tunnel": "yes"
      },
      "geometry": {
        "type": "Polygon",
        "coordinates": [
          [
            [
              -118.3091488,
              34.1017254
            ],
            [
              -118.3073325,
              34.1017355
            ],
            [
              -118.3073329,
              34.1017782
            ],
            [
              -118.3091491,
              34.1017681
            ],
            [
              -118.3091488,
              34.1017254
            ]
          ]
        ]
      },
      "id": "way/664535914"
    },
    {
      "type": "Feature",
      "properties": {
        "@id": "way/664535915",
        "area": "yes",
        "bench": "yes",
        "bin": "yes",
        "layer": "-2",
        "level": "-2",
        "location": "underground",
        "name": "Vermont/Sunset Station",
        "network": "LACMTA",
        "public_transport": "platform",
        "railway": "platform",
        "subway": "yes",
        "tactile_paving": "no",
        "tunnel": "yes"
      },
      "geometry": {
        "type": "Polygon",
        "coordinates": [
          [
            [
              -118.2917236,
              34.0982566
            ],
            [
              -118.2917508,
              34.0997606
            ],
            [
              -118.2918014,
              34.0997605
            ],
            [
              -118.2917736,
              34.0987287
            ],
            [
              -118.2917778,
              34.0982558
            ],
            [
              -118.2917236,
              34.0982566
            ]
          ]
        ]
      },
      "id": "way/664535915"
    },
    {
      "type": "Feature",
      "properties": {
        "@id": "way/664535916",
        "area": "yes",
        "layer": "-2",
        "level": "-2",
        "location": "underground",
        "name": "Vermont/Santa Monica Station",
        "network": "LACMTA",
        "public_transport": "platform",
        "railway": "platform",
        "subway": "yes",
        "tunnel": "yes"
      },
      "geometry": {
        "type": "Polygon",
        "coordinates": [
          [
            [
              -118.2917177,
              34.0892158
            ],
            [
              -118.2917176,
              34.09072
            ],
            [
              -118.2917691,
              34.09072
            ],
            [
              -118.2917692,
              34.0892158
            ],
            [
              -118.2917177,
              34.0892158
            ]
          ]
        ]
      },
      "id": "way/664535916"
    },
    {
      "type": "Feature",
      "properties": {
        "@id": "way/664535917",
        "area": "yes",
        "layer": "-2",
        "level": "-2",
        "location": "underground",
        "network": "LACMTA",
        "public_transport": "platform",
        "railway": "platform",
        "subway": "yes",
        "tunnel": "yes"
      },
      "geometry": {
        "type": "Polygon",
        "coordinates": [
          [
            [
              -118.291738,
              34.0763995
            ],
            [
              -118.291733,
              34.0779039
            ],
            [
              -118.2917845,
              34.077904
            ],
            [
              -118.2917896,
              34.0763996
            ],
            [
              -118.291738,
              34.0763995
            ]
          ]
        ]
      },
      "id": "way/664535917"
    },
    {
      "type": "Feature",
      "properties": {
        "@id": "way/664535918",
        "area": "yes",
        "bench": "yes",
        "bin": "yes",
        "layer": "-2",
        "level": "-2",
        "location": "underground",
        "network": "LACMTA",
        "public_transport": "platform",
        "railway": "platform",
        "subway": "yes",
        "tunnel": "yes"
      },
      "geometry": {
        "type": "Polygon",
        "coordinates": [
          [
            [
              -118.2911852,
              34.0630759
            ],
            [
              -118.2899542,
              34.06237
            ],
            [
              -118.2899248,
              34.0624051
            ],
            [
              -118.2911559,
              34.0631111
            ],
            [
              -118.2911852,
              34.0630759
            ]
          ]
        ]
      },
      "id": "way/664535918"
    },
    {
      "type": "Feature",
      "properties": {
        "@id": "way/664535920",
        "area": "yes",
        "bench": "yes",
        "layer": "-1",
        "level": "-1",
        "location": "underground",
        "network": "LACMTA",
        "public_transport": "platform",
        "railway": "platform",
        "subway": "yes",
        "tunnel": "yes"
      },
      "geometry": {
        "type": "Polygon",
        "coordinates": [
          [
            [
              -118.2911997,
              34.0630738
            ],
            [
              -118.2899676,
              34.0623671
            ],
            [
              -118.2899383,
              34.0624022
            ],
            [
              -118.2911703,
              34.0631089
            ],
            [
              -118.2911997,
              34.0630738
            ]
          ]
        ]
      },
      "id": "way/664535920"
    },
    {
      "type": "Feature",
      "properties": {
        "@id": "way/664535921",
        "area": "yes",
        "layer": "-2",
        "level": "-2",
        "location": "underground",
        "network": "LACMTA",
        "public_transport": "platform",
        "railway": "platform",
        "subway": "yes",
        "tunnel": "yes"
      },
      "geometry": {
        "type": "Polygon",
        "coordinates": [
          [
            [
              -118.3018448,
              34.061726
            ],
            [
              -118.3000285,
              34.0617362
            ],
            [
              -118.3000289,
              34.0617789
            ],
            [
              -118.3018451,
              34.0617687
            ],
            [
              -118.3018448,
              34.061726
            ]
          ]
        ]
      },
      "id": "way/664535921"
    },
    {
      "type": "Feature",
      "properties": {
        "@id": "way/664535922",
        "area": "yes",
        "departures_board": "realtime",
        "layer": "-2",
        "level": "-2",
        "location": "underground",
        "network": "LACMTA",
        "operator": "Los Angeles County Metropolitan Transportation Authority",
        "public_transport": "platform",
        "railway": "platform",
        "subway": "yes",
        "tunnel": "yes"
      },
      "geometry": {
        "type": "Polygon",
        "coordinates": [
          [
            [
              -118.3089714,
              34.0616879
            ],
            [
              -118.3071551,
              34.061698
            ],
            [
              -118.3071555,
              34.0617407
            ],
            [
              -118.3089717,
              34.0617306
            ],
            [
              -118.3089714,
              34.0616879
            ]
          ]
        ]
      },
      "id": "way/664535922"
    },
    {
      "type": "Feature",
      "properties": {
        "@id": "way/664535923",
        "area": "yes",
        "bicycle": "dismount",
        "covered": "yes",
        "departures_board": "realtime",
        "foot": "yes",
        "horse": "no",
        "indoor": "yes",
        "layer": "-2",
        "level": "-2",
        "lit": "yes",
        "location": "underground",
        "motor_vehicle": "no",
        "network": "LACMTA",
        "public_transport": "platform",
        "railway": "platform",
        "subway": "yes",
        "surface": "concrete",
        "tunnel": "yes",
        "wheelchair": "yes"
      },
      "geometry": {
        "type": "Polygon",
        "coordinates": [
          [
            [
              -118.2760673,
              34.0571184
            ],
            [
              -118.2749543,
              34.0563029
            ],
            [
              -118.2748931,
              34.0563603
            ],
            [
              -118.2760062,
              34.0571757
            ],
            [
              -118.2760673,
              34.0571184
            ]
          ]
        ]
      },
      "id": "way/664535923"
    },
    {
      "type": "Feature",
      "properties": {
        "@id": "way/746542664",
        "area": "yes",
        "bridge": "yes",
        "departures_board": "realtime",
        "layer": "1",
        "light_rail": "yes",
        "network": "Metro Rail",
        "network:wikidata": "Q1339558",
        "network:wikipedia": "en:Los Angeles Metro Rail",
        "operator": "Los Angeles County Metropolitan Transportation Authority",
        "operator:wikidata": "Q3259702",
        "operator:wikipedia": "en:Los Angeles County Metropolitan Transportation Authority",
        "owner": "Los Angeles County Metropolitan Transportation Authority",
        "owner:wikidata": "Q3259702",
        "owner:wikipedia": "en:Los Angeles County Metropolitan Transportation Authority",
        "public_transport": "platform",
        "railway": "platform",
        "wikidata": "Q16974070",
        "wikipedia": "en:Aviation/Century station"
      },
      "geometry": {
        "type": "Polygon",
        "coordinates": [
          [
            [
              -118.3787492,
              33.9461593
            ],
            [
              -118.3787468,
              33.9451921
            ],
            [
              -118.3786875,
              33.9451924
            ],
            [
              -118.378685,
              33.9461593
            ],
            [
              -118.3787492,
              33.9461593
            ]
          ]
        ]
      },
      "id": "way/746542664"
    },
    {
      "type": "Feature",
      "properties": {
        "@id": "way/914869972",
        "area": "yes",
        "departures_board": "realtime",
        "light_rail": "yes",
        "network": "Metro Rail",
        "network:wikidata": "Q1339558",
        "network:wikipedia": "en:Los Angeles Metro Rail",
        "operator": "Los Angeles County Metropolitan Transportation Authority",
        "operator:wikidata": "Q3259702",
        "operator:wikipedia": "en:Los Angeles County Metropolitan Transportation Authority",
        "owner": "Los Angeles County Metropolitan Transportation Authority",
        "owner:wikidata": "Q3259702",
        "owner:wikipedia": "en:Los Angeles County Metropolitan Transportation Authority",
        "public_transport": "platform",
        "railway": "platform",
        "wikidata": "Q16974343",
        "wikipedia": "en:Hyde Park station (Los Angeles Metro)"
      },
      "geometry": {
        "type": "Polygon",
        "coordinates": [
          [
            [
              -118.3308669,
              33.9885538
            ],
            [
              -118.3308733,
              33.987814
            ],
            [
              -118.3308305,
              33.9878138
            ],
            [
              -118.3308203,
              33.9878137
            ],
            [
              -118.3308139,
              33.9885534
            ],
            [
              -118.3308436,
              33.9885537
            ],
            [
              -118.3308669,
              33.9885538
            ]
          ]
        ]
      },
      "id": "way/914869972"
    },
    {
      "type": "Feature",
      "properties": {
        "@id": "way/914869974",
        "area": "yes",
        "bench": "yes",
        "bin": "yes",
        "departures_board": "realtime",
        "light_rail": "yes",
        "network": "Metro Rail",
        "network:wikidata": "Q1339558",
        "network:wikipedia": "en:Los Angeles Metro Rail",
        "operator": "Los Angeles County Metropolitan Transportation Authority",
        "operator:wikidata": "Q3259702",
        "operator:wikipedia": "en:Los Angeles County Metropolitan Transportation Authority",
        "owner": "Los Angeles County Metropolitan Transportation Authority",
        "owner:wikidata": "Q3259702",
        "owner:wikipedia": "en:Los Angeles County Metropolitan Transportation Authority",
        "public_transport": "platform",
        "railway": "platform",
        "shelter": "yes",
        "tactile_paving": "yes",
        "wikidata": "Q16975762",
        "wikipedia": "en:Westchester/Veterans station"
      },
      "geometry": {
        "type": "Polygon",
        "coordinates": [
          [
            [
              -118.3749,
              33.961923
            ],
            [
              -118.3748917,
              33.9619085
            ],
            [
              -118.3748829,
              33.9618932
            ],
            [
              -118.3740784,
              33.9622115
            ],
            [
              -118.3740883,
              33.9622288
            ],
            [
              -118.3740955,
              33.9622413
            ],
            [
              -118.3749,
              33.961923
            ]
          ]
        ]
      },
      "id": "way/914869974"
    },
    {
      "type": "Feature",
      "properties": {
        "@id": "way/914869975",
        "area": "yes",
        "bench": "yes",
        "bin": "yes",
        "departures_board": "realtime",
        "light_rail": "yes",
        "network": "Metro Rail",
        "network:wikidata": "Q1339558",
        "network:wikipedia": "en:Los Angeles Metro Rail",
        "operator": "Los Angeles County Metropolitan Transportation Authority",
        "operator:wikidata": "Q3259702",
        "operator:wikipedia": "en:Los Angeles County Metropolitan Transportation Authority",
        "owner": "Los Angeles County Metropolitan Transportation Authority",
        "owner:wikidata": "Q3259702",
        "owner:wikipedia": "en:Los Angeles County Metropolitan Transportation Authority",
        "public_transport": "platform",
        "railway": "platform",
        "shelter": "yes",
        "tactile_paving": "yes",
        "wikidata": "Q16975762",
        "wikipedia": "en:Westchester/Veterans station"
      },
      "geometry": {
        "type": "Polygon",
        "coordinates": [
          [
            [
              -118.3748361,
              33.9618319
            ],
            [
              -118.3748231,
              33.9618096
            ],
            [
              -118.3748177,
              33.9618002
            ],
            [
              -118.3740172,
              33.9621193
            ],
            [
              -118.3740259,
              33.9621343
            ],
            [
              -118.3740357,
              33.9621512
            ],
            [
              -118.3748361,
              33.9618319
            ]
          ]
        ]
      },
      "id": "way/914869975"
    },
    {
      "type": "Feature",
      "properties": {
        "@id": "way/1102522076",
        "area": "yes",
        "bench": "yes",
        "covered": "yes",
        "departures_board": "realtime",
        "light_rail": "yes",
        "network": "Metro Rail",
        "network:wikidata": "Q1339558",
        "network:wikipedia": "en:Los Angeles Metro Rail",
        "operator": "Los Angeles County Metropolitan Transportation Authority",
        "operator:wikidata": "Q3259702",
        "operator:wikipedia": "en:Los Angeles County Metropolitan Transportation Authority",
        "owner": "Los Angeles County Metropolitan Transportation Authority",
        "owner:wikidata": "Q3259702",
        "owner:wikipedia": "en:Los Angeles County Metropolitan Transportation Authority",
        "public_transport": "platform",
        "railway": "platform",
        "wikidata": "Q28197629",
        "wikipedia": "en:LAX/Metro Transit Center"
      },
      "geometry": {
        "type": "Polygon",
        "coordinates": [
          [
            [
              -118.3787376,
              33.949568
            ],
            [
              -118.3785996,
              33.949568
            ],
            [
              -118.3785999,
              33.9502365
            ],
            [
              -118.3787377,
              33.9502364
            ],
            [
              -118.3787376,
              33.949568
            ]
          ]
        ]
      },
      "id": "way/1102522076"
    },
    {
      "type": "Feature",
      "properties": {
        "@id": "way/1106498918",
        "area": "yes",
        "departures_board": "realtime",
        "layer": "-1",
        "light_rail": "yes",
        "network": "Metro Rail",
        "network:wikidata": "Q1339558",
        "network:wikipedia": "en:Los Angeles Metro Rail",
        "operator": "Los Angeles County Metropolitan Transportation Authority",
        "operator:wikidata": "Q3259702",
        "operator:wikipedia": "en:Los Angeles County Metropolitan Transportation Authority",
        "owner": "Los Angeles County Metropolitan Transportation Authority",
        "owner:wikidata": "Q3259702",
        "owner:wikipedia": "en:Los Angeles County Metropolitan Transportation Authority",
        "public_transport": "platform",
        "railway": "platform",
        "tunnel": "-1",
        "wikidata": "Q1953847",
        "wikipedia": "en:Expo/Crenshaw station"
      },
      "geometry": {
        "type": "Polygon",
        "coordinates": [
          [
            [
              -118.3348868,
              34.0221401
            ],
            [
              -118.3349061,
              34.0216248
            ],
            [
              -118.3348276,
              34.0216227
            ],
            [
              -118.3348084,
              34.022138
            ],
            [
              -118.3348868,
              34.0221401
            ]
          ]
        ]
      },
      "id": "way/1106498918"
    },
    {
      "type": "Feature",
      "properties": {
        "@id": "way/1106498919",
        "area": "yes",
        "departures_board": "realtime",
        "layer": "-1",
        "light_rail": "yes",
        "network": "Metro Rail",
        "network:wikidata": "Q1339558",
        "network:wikipedia": "en:Los Angeles Metro Rail",
        "operator": "Los Angeles County Metropolitan Transportation Authority",
        "operator:wikidata": "Q3259702",
        "operator:wikipedia": "en:Los Angeles County Metropolitan Transportation Authority",
        "owner": "Los Angeles County Metropolitan Transportation Authority",
        "owner:wikidata": "Q3259702",
        "owner:wikipedia": "en:Los Angeles County Metropolitan Transportation Authority",
        "public_transport": "platform",
        "railway": "platform",
        "tunnel": "-1",
        "wikidata": "Q16974341",
        "wikipedia": "en:Martin Luther King Jr. station (Los Angeles Metro)"
      },
      "geometry": {
        "type": "Polygon",
        "coordinates": [
          [
            [
              -118.3354012,
              34.0104084
            ],
            [
              -118.335404,
              34.0101355
            ],
            [
              -118.3353436,
              34.0101351
            ],
            [
              -118.3353408,
              34.0104079
            ],
            [
              -118.3354012,
              34.0104084
            ]
          ]
        ]
      },
      "id": "way/1106498919"
    },
    {
      "type": "Feature",
      "properties": {
        "@id": "way/1106498920",
        "area": "yes",
        "departures_board": "realtime",
        "layer": "-1",
        "light_rail": "yes",
        "network": "Metro Rail",
        "network:wikidata": "Q1339558",
        "network:wikipedia": "en:Los Angeles Metro Rail",
        "operator": "Los Angeles County Metropolitan Transportation Authority",
        "operator:wikidata": "Q3259702",
        "operator:wikipedia": "en:Los Angeles County Metropolitan Transportation Authority",
        "owner": "Los Angeles County Metropolitan Transportation Authority",
        "owner:wikidata": "Q3259702",
        "owner:wikipedia": "en:Los Angeles County Metropolitan Transportation Authority",
        "public_transport": "platform",
        "railway": "platform",
        "shelter": "yes",
        "tunnel": "-1",
        "wikidata": "Q16981163",
        "wikipedia": "en:Leimert Park station"
      },
      "geometry": {
        "type": "Polygon",
        "coordinates": [
          [
            [
              -118.3328061,
              34.0047167
            ],
            [
              -118.332572,
              34.004476
            ],
            [
              -118.3325113,
              34.0045166
            ],
            [
              -118.3327455,
              34.0047573
            ],
            [
              -118.3328061,
              34.0047167
            ]
          ]
        ]
      },
      "id": "way/1106498920"
    },
    {
      "type": "Feature",
      "properties": {
        "@id": "way/1226719901",
        "public_transport": "platform",
        "railway": "platform",
        "tram": "yes"
      },
      "geometry": {
        "type": "Polygon",
        "coordinates": [
          [
            [
              -117.8761547,
              33.7480825
            ],
            [
              -117.8761547,
              33.7480746
            ],
            [
              -117.8761547,
              33.7480625
            ],
            [
              -117.8759437,
              33.7480631
            ],
            [
              -117.8759438,
              33.7480745
            ],
            [
              -117.8759438,
              33.7480832
            ],
            [
              -117.8761547,
              33.7480825
            ]
          ]
        ]
      },
      "id": "way/1226719901"
    },
    {
      "type": "Feature",
      "properties": {
        "@id": "way/1226719902",
        "public_transport": "platform",
        "railway": "platform",
        "tram": "yes"
      },
      "geometry": {
        "type": "Polygon",
        "coordinates": [
          [
            [
              -117.8857699,
              33.7480179
            ],
            [
              -117.8857697,
              33.7479933
            ],
            [
              -117.8855636,
              33.7479947
            ],
            [
              -117.8855638,
              33.7480081
            ],
            [
              -117.8855639,
              33.7480192
            ],
            [
              -117.8857699,
              33.7480179
            ]
          ]
        ]
      },
      "id": "way/1226719902"
    },
    {
      "type": "Feature",
      "properties": {
        "@id": "way/1226719903",
        "public_transport": "platform",
        "railway": "platform",
        "tram": "yes"
      },
      "geometry": {
        "type": "Polygon",
        "coordinates": [
          [
            [
              -117.8933039,
              33.7478975
            ],
            [
              -117.8935127,
              33.7478943
            ],
            [
              -117.8935118,
              33.7478533
            ],
            [
              -117.893303,
              33.7478565
            ],
            [
              -117.8933035,
              33.7478778
            ],
            [
              -117.8933039,
              33.7478975
            ]
          ]
        ]
      },
      "id": "way/1226719903"
    },
    {
      "type": "Feature",
      "properties": {
        "@id": "way/1226723658",
        "public_transport": "platform",
        "railway": "platform",
        "tram": "yes"
      },
      "geometry": {
        "type": "Polygon",
        "coordinates": [
          [
            [
              -117.9039816,
              33.7509932
            ],
            [
              -117.9040062,
              33.7509654
            ],
            [
              -117.9038396,
              33.7508632
            ],
            [
              -117.9038274,
              33.7508769
            ],
            [
              -117.9038149,
              33.750891
            ],
            [
              -117.9039816,
              33.7509932
            ]
          ]
        ]
      },
      "id": "way/1226723658"
    },
    {
      "type": "Feature",
      "properties": {
        "@id": "way/1226723660",
        "public_transport": "platform",
        "railway": "platform",
        "tram": "yes"
      },
      "geometry": {
        "type": "Polygon",
        "coordinates": [
          [
            [
              -117.9199639,
              33.7608554
            ],
            [
              -117.9197999,
              33.760753
            ],
            [
              -117.919775,
              33.7607805
            ],
            [
              -117.919939,
              33.760883
            ],
            [
              -117.9199528,
              33.7608677
            ],
            [
              -117.9199639,
              33.7608554
            ]
          ]
        ]
      },
      "id": "way/1226723660"
    },
    {
      "type": "Feature",
      "properties": {
        "@id": "way/1233525947",
        "area": "yes",
        "light_rail": "yes",
        "network": "LACMTA",
        "public_transport": "platform",
        "railway": "platform"
      },
      "geometry": {
        "type": "Polygon",
        "coordinates": [
          [
            [
              -117.8667401,
              34.1321972
            ],
            [
              -117.8667551,
              34.1321805
            ],
            [
              -117.8667675,
              34.1321689
            ],
            [
              -117.8657656,
              34.1315027
            ],
            [
              -117.8657496,
              34.1315192
            ],
            [
              -117.8657384,
              34.1315308
            ],
            [
              -117.8667401,
              34.1321972
            ]
          ]
        ]
      },
      "id": "way/1233525947"
    },
    {
      "type": "Feature",
      "properties": {
        "@id": "way/1233530894",
        "area": "yes",
        "bench": "yes",
        "light_rail": "yes",
        "network": "LACMTA",
        "public_transport": "platform",
        "railway": "platform",
        "shelter": "yes",
        "surface": "concrete"
      },
      "geometry": {
        "type": "Polygon",
        "coordinates": [
          [
            [
              -117.805324,
              34.1050607
            ],
            [
              -117.8063588,
              34.1053182
            ],
            [
              -117.8063662,
              34.1052964
            ],
            [
              -117.8063732,
              34.1052805
            ],
            [
              -117.805338,
              34.1050224
            ],
            [
              -117.805324,
              34.1050607
            ]
          ]
        ]
      },
      "id": "way/1233530894"
    },
    {
      "type": "Feature",
      "properties": {
        "@id": "way/1332671899",
        "public_transport": "platform",
        "railway": "platform",
        "tram": "yes"
      },
      "geometry": {
        "type": "Polygon",
        "coordinates": [
          [
            [
              -117.8722,
              33.7493104
            ],
            [
              -117.872092,
              33.7493857
            ],
            [
              -117.8721004,
              33.7493938
            ],
            [
              -117.8721093,
              33.7494025
            ],
            [
              -117.8722156,
              33.7493257
            ],
            [
              -117.8722073,
              33.7493175
            ],
            [
              -117.8722,
              33.7493104
            ]
          ]
        ]
      },
      "id": "way/1332671899"
    },
    {
      "type": "Feature",
      "properties": {
        "@id": "way/1356759298",
        "public_transport": "platform",
        "railway": "platform",
        "tram": "yes"
      },
      "geometry": {
        "type": "Polygon",
        "coordinates": [
          [
            [
              -117.8857247,
              33.747913
            ],
            [
              -117.8857247,
              33.7478899
            ],
            [
              -117.8855319,
              33.7478901
            ],
            [
              -117.8855319,
              33.7479015
            ],
            [
              -117.885532,
              33.7479132
            ],
            [
              -117.8857247,
              33.747913
            ]
          ]
        ]
      },
      "id": "way/1356759298"
    },
    {
      "type": "Feature",
      "properties": {
        "@id": "way/1356759302",
        "public_transport": "platform",
        "railway": "platform",
        "tram": "yes"
      },
      "geometry": {
        "type": "Polygon",
        "coordinates": [
          [
            [
              -117.877033,
              33.7479011
            ],
            [
              -117.877033,
              33.7478886
            ],
            [
              -117.877033,
              33.7478781
            ],
            [
              -117.8768402,
              33.7478783
            ],
            [
              -117.8768403,
              33.7478905
            ],
            [
              -117.8768403,
              33.7479014
            ],
            [
              -117.877033,
              33.7479011
            ]
          ]
        ]
      },
      "id": "way/1356759302"
    },
    {
      "type": "Feature",
      "properties": {
        "@id": "way/1356759303",
        "public_transport": "platform",
        "railway": "platform",
        "tram": "yes"
      },
      "geometry": {
        "type": "Polygon",
        "coordinates": [
          [
            [
              -117.8684742,
              33.7479768
            ],
            [
              -117.8684741,
              33.7479542
            ],
            [
              -117.8682865,
              33.7479546
            ],
            [
              -117.8682865,
              33.7479772
            ],
            [
              -117.8684742,
              33.7479768
            ]
          ]
        ]
      },
      "id": "way/1356759303"
    },
    {
      "type": "Feature",
      "properties": {
        "@id": "way/1356759304",
        "public_transport": "platform",
        "railway": "platform",
        "tram": "yes"
      },
      "geometry": {
        "type": "Polygon",
        "coordinates": [
          [
            [
              -117.8649953,
              33.747976
            ],
            [
              -117.8649952,
              33.7479533
            ],
            [
              -117.8648076,
              33.7479537
            ],
            [
              -117.8648076,
              33.7479764
            ],
            [
              -117.8649953,
              33.747976
            ]
          ]
        ]
      },
      "id": "way/1356759304"
    },
    {
      "type": "Feature",
      "properties": {
        "@id": "way/1356759305",
        "public_transport": "platform",
        "railway": "platform",
        "tram": "yes"
      },
      "geometry": {
        "type": "Polygon",
        "coordinates": [
          [
            [
              -117.8649978,
              33.7497655
            ],
            [
              -117.8649977,
              33.7497536
            ],
            [
              -117.8649977,
              33.7497429
            ],
            [
              -117.86481,
              33.7497433
            ],
            [
              -117.86481,
              33.7497545
            ],
            [
              -117.8648101,
              33.7497659
            ],
            [
              -117.8649978,
              33.7497655
            ]
          ]
        ]
      },
      "id": "way/1356759305"
    },
    {
      "type": "Feature",
      "properties": {
        "@id": "way/1356759306",
        "public_transport": "platform",
        "railway": "platform",
        "tram": "yes"
      },
      "geometry": {
        "type": "Polygon",
        "coordinates": [
          [
            [
              -117.861733,
              33.7507329
            ],
            [
              -117.8617265,
              33.7507219
            ],
            [
              -117.8617211,
              33.7507126
            ],
            [
              -117.8615524,
              33.750781
            ],
            [
              -117.8615585,
              33.7507913
            ],
            [
              -117.8615644,
              33.7508014
            ],
            [
              -117.861733,
              33.7507329
            ]
          ]
        ]
      },
      "id": "way/1356759306"
    },
    {
      "type": "Feature",
      "properties": {
        "@id": "way/1356759307",
        "public_transport": "platform",
        "railway": "platform",
        "tram": "yes"
      },
      "geometry": {
        "type": "Polygon",
        "coordinates": [
          [
            [
              -117.8612751,
              33.7510622
            ],
            [
              -117.8612691,
              33.751052
            ],
            [
              -117.8612631,
              33.7510418
            ],
            [
              -117.8610945,
              33.7511103
            ],
            [
              -117.8611008,
              33.751121
            ],
            [
              -117.8611064,
              33.7511306
            ],
            [
              -117.8612751,
              33.7510622
            ]
          ]
        ]
      },
      "id": "way/1356759307"
    },
    {
      "type": "Feature",
      "properties": {
        "@id": "way/1356759308",
        "public_transport": "platform",
        "railway": "platform",
        "tram": "yes"
      },
      "geometry": {
        "type": "Polygon",
        "coordinates": [
          [
            [
              -117.8731927,
              33.7479518
            ],
            [
              -117.873023,
              33.7479529
            ],
            [
              -117.8730232,
              33.747973
            ],
            [
              -117.8731929,
              33.7479719
            ],
            [
              -117.8731927,
              33.7479518
            ]
          ]
        ]
      },
      "id": "way/1356759308"
    },
    {
      "type": "Feature",
      "properties": {
        "@id": "way/1356759558",
        "public_transport": "platform",
        "railway": "platform",
        "tram": "yes"
      },
      "geometry": {
        "type": "Polygon",
        "coordinates": [
          [
            [
              -117.8690501,
              33.7497669
            ],
            [
              -117.86905,
              33.7497443
            ],
            [
              -117.8688624,
              33.7497447
            ],
            [
              -117.8688624,
              33.7497587
            ],
            [
              -117.8688624,
              33.7497673
            ],
            [
              -117.8690501,
              33.7497669
            ]
          ]
        ]
      },
      "id": "way/1356759558"
    },
    {
      "type": "Feature",
      "properties": {
        "@id": "way/1392937566",
        "bridge": "yes",
        "indoor": "area",
        "layer": "2",
        "level": "4",
        "light_rail": "yes",
        "public_transport": "platform",
        "railway": "platform"
      },
      "geometry": {
        "type": "Polygon",
        "coordinates": [
          [
            [
              -118.37521,
              33.9497137
            ],
            [
              -118.3752091,
              33.9496539
            ],
            [
              -118.3742479,
              33.9496635
            ],
            [
              -118.3742487,
              33.9497232
            ],
            [
              -118.37521,
              33.9497137
            ]
          ]
        ]
      },
      "id": "way/1392937566"
    },
    {
      "type": "Feature",
      "properties": {
        "@id": "way/1429350004",
        "area": "yes",
        "light_rail": "yes",
        "network": "LACMTA",
        "public_transport": "platform",
        "railway": "platform"
      },
      "geometry": {
        "type": "Polygon",
        "coordinates": [
          [
            [
              -117.7526763,
              34.0940049
            ],
            [
              -117.7526759,
              34.0939771
            ],
            [
              -117.7526755,
              34.093946
            ],
            [
              -117.7517835,
              34.0939542
            ],
            [
              -117.7517839,
              34.0939859
            ],
            [
              -117.7517843,
              34.0940132
            ],
            [
              -117.7526763,
              34.0940049
            ]
          ]
        ]
      },
      "id": "way/1429350004"
    },
    {
      "type": "Feature",
      "properties": {
        "@id": "way/1431357318",
        "area": "yes",
        "light_rail": "yes",
        "network": "LACMTA",
        "public_transport": "platform",
        "railway": "platform"
      },
      "geometry": {
        "type": "Polygon",
        "coordinates": [
          [
            [
              -117.7676775,
              34.0971381
            ],
            [
              -117.7685256,
              34.09736
            ],
            [
              -117.7685332,
              34.0973399
            ],
            [
              -117.7685428,
              34.097315
            ],
            [
              -117.7676943,
              34.0970938
            ],
            [
              -117.767686,
              34.0971157
            ],
            [
              -117.7676775,
              34.0971381
            ]
          ]
        ]
      },
      "id": "way/1431357318"
    },
    {
      "type": "Feature",
      "properties": {
        "@id": "way/1432638096",
        "public_transport": "platform",
        "railway": "platform",
        "tram": "yes"
      },
      "geometry": {
        "type": "Polygon",
        "coordinates": [
          [
            [
              -117.8573793,
              33.7517813
            ],
            [
              -117.8572635,
              33.7515837
            ],
            [
              -117.8572255,
              33.7515991
            ],
            [
              -117.8573413,
              33.7517967
            ],
            [
              -117.8573793,
              33.7517813
            ]
          ]
        ]
      },
      "id": "way/1432638096"
    },
    {
      "type": "Feature",
      "properties": {
        "@id": "way/123424132",
        "covered": "yes",
        "layer": "-2",
        "level": "-2",
        "light_rail": "yes",
        "location": "underground",
        "network": "LACMTA",
        "public_transport": "platform",
        "railway": "platform",
        "tunnel": "yes"
      },
      "geometry": {
        "type": "LineString",
        "coordinates": [
          [
            -118.2587661,
            34.0485629
          ],
          [
            -118.2582239,
            34.0491464
          ]
        ]
      },
      "id": "way/123424132"
    },
    {
      "type": "Feature",
      "properties": {
        "@id": "way/123424134",
        "covered": "yes",
        "layer": "-2",
        "level": "-2",
        "light_rail": "yes",
        "location": "underground",
        "network": "LACMTA",
        "public_transport": "platform",
        "railway": "platform",
        "tunnel": "yes"
      },
      "geometry": {
        "type": "LineString",
        "coordinates": [
          [
            -118.2583325,
            34.0491619
          ],
          [
            -118.2588453,
            34.0486224
          ]
        ]
      },
      "id": "way/123424134"
    },
    {
      "type": "Feature",
      "properties": {
        "@id": "way/663272159",
        "highway": "footway",
        "public_transport": "platform",
        "railway": "platform",
        "surface": "concrete",
        "train": "yes",
        "tram": "yes"
      },
      "geometry": {
        "type": "LineString",
        "coordinates": [
          [
            -118.4807305,
            34.0228802
          ],
          [
            -118.480087,
            34.0233952
          ],
          [
            -118.4798023,
            34.0236267
          ]
        ]
      },
      "id": "way/663272159"
    },
    {
      "type": "Feature",
      "properties": {
        "@id": "way/1547815887",
        "light_rail": "yes",
        "public_transport": "platform",
        "railway": "platform"
      },
      "geometry": {
        "type": "LineString",
        "coordinates": [
          [
            -118.1929376,
            34.1110265
          ],
          [
            -118.1921649,
            34.1114022
          ]
        ]
      },
      "id": "way/1547815887"
    },
    {
      "type": "Feature",
      "properties": {
        "@id": "node/16298122",
        "name": "Universal City/Studio City",
        "network": "LACMTA",
        "operator": "Los Angeles County Metropolitan Transportation Authority",
        "public_transport": "stop_position",
        "railway": "stop",
        "subway": "yes"
      },
      "geometry": {
        "type": "Point",
        "coordinates": [
          -118.361245,
          34.1405259
        ]
      },
      "id": "node/16298122"
    },
    {
      "type": "Feature",
      "properties": {
        "@id": "node/17680222",
        "light_rail": "yes",
        "name": "1st Street",
        "network": "LACMTA",
        "operator": "Los Angeles County Metropolitan Transportation Authority",
        "public_transport": "station",
        "railway": "station",
        "station": "light_rail",
        "wheelchair": "yes",
        "wikidata": "Q4596639"
      },
      "geometry": {
        "type": "Point",
        "coordinates": [
          -118.1893988,
          33.7687147
        ]
      },
      "id": "node/17680222"
    },
    {
      "type": "Feature",
      "properties": {
        "@id": "node/17680230",
        "alt_name": "Transit Mall",
        "light_rail": "yes",
        "name": "Downtown Long Beach",
        "network": "LACMTA",
        "operator": "Los Angeles County Metropolitan Transportation Authority",
        "public_transport": "station",
        "railway": "station",
        "station": "light_rail",
        "wheelchair": "yes",
        "wikidata": "Q771702"
      },
      "geometry": {
        "type": "Point",
        "coordinates": [
          -118.1929586,
          33.7680387
        ]
      },
      "id": "node/17680230"
    },
    {
      "type": "Feature",
      "properties": {
        "@id": "node/17706965",
        "light_rail": "yes",
        "name": "5th Street",
        "network": "Metro Rail",
        "network:wikidata": "Q1339558",
        "operator": "Los Angeles County Metropolitan Transportation Authority",
        "operator:wikidata": "Q3259702",
        "public_transport": "station",
        "railway": "station",
        "station": "light_rail",
        "subway": "yes",
        "wheelchair": "yes",
        "wikidata": "Q970664"
      },
      "geometry": {
        "type": "Point",
        "coordinates": [
          -118.1893802,
          33.7735381
        ]
      },
      "id": "node/17706965"
    },
    {
      "type": "Feature",
      "properties": {
        "@id": "node/18660357",
        "name": "Vermont/Santa Monica",
        "network": "LACMTA",
        "operator": "Los Angeles County Metropolitan Transportation Authority",
        "public_transport": "stop_position",
        "railway": "stop",
        "subway": "yes"
      },
      "geometry": {
        "type": "Point",
        "coordinates": [
          -118.2917026,
          34.0906957
        ]
      },
      "id": "node/18660357"
    },
    {
      "type": "Feature",
      "properties": {
        "@id": "node/18660417",
        "name": "Hollywood/Western",
        "network": "LACMTA",
        "operator": "Los Angeles County Metropolitan Transportation Authority",
        "public_transport": "stop_position",
        "railway": "stop",
        "subway": "yes",
        "wheelchair": "yes"
      },
      "geometry": {
        "type": "Point",
        "coordinates": [
          -118.3091266,
          34.101782
        ]
      },
      "id": "node/18660417"
    },
    {
      "type": "Feature",
      "properties": {
        "@id": "node/18660419",
        "name": "Wilshire/Normandie",
        "network": "LACMTA",
        "operator": "Los Angeles County Metropolitan Transportation Authority",
        "public_transport": "stop_position",
        "railway": "stop",
        "subway": "yes"
      },
      "geometry": {
        "type": "Point",
        "coordinates": [
          -118.3018049,
          34.0617829
        ]
      },
      "id": "node/18660419"
    },
    {
      "type": "Feature",
      "properties": {
        "@id": "node/18660420",
        "name": "Wilshire/Western",
        "network": "LACMTA",
        "operator": "Los Angeles County Metropolitan Transportation Authority",
        "public_transport": "stop_position",
        "railway": "stop",
        "subway": "yes"
      },
      "geometry": {
        "type": "Point",
        "coordinates": [
          -118.3089071,
          34.0617448
        ]
      },
      "id": "node/18660420"
    },
    {
      "type": "Feature",
      "properties": {
        "@id": "node/18882056",
        "name": "Hollywood/Highland",
        "network": "LACMTA",
        "operator": "Los Angeles County Metropolitan Transportation Authority",
        "public_transport": "stop_position",
        "railway": "stop",
        "subway": "yes",
        "wheelchair": "yes"
      },
      "geometry": {
        "type": "Point",
        "coordinates": [
          -118.3406966,
          34.1015806
        ]
      },
      "id": "node/18882056"
    },
    {
      "type": "Feature",
      "properties": {
        "@id": "node/18882099",
        "name": "Hollywood/Vine",
        "network": "LACMTA",
        "operator": "Los Angeles County Metropolitan Transportation Authority",
        "public_transport": "stop_position",
        "railway": "stop",
        "subway": "yes"
      },
      "geometry": {
        "type": "Point",
        "coordinates": [
          -118.3256741,
          34.1016879
        ]
      },
      "id": "node/18882099"
    },
    {
      "type": "Feature",
      "properties": {
        "@id": "node/18882133",
        "name": "Westlake/MacArthur Park",
        "network": "LACMTA",
        "operator": "Los Angeles County Metropolitan Transportation Authority",
        "public_transport": "stop_position",
        "railway": "stop",
        "subway": "yes"
      },
      "geometry": {
        "type": "Point",
        "coordinates": [
          -118.2759955,
          34.0571853
        ]
      },
      "id": "node/18882133"
    },
    {
      "type": "Feature",
      "properties": {
        "@id": "node/26462449",
        "check_date": "2023-06-15",
        "light_rail": "yes",
        "name": "Memorial Park",
        "network": "LACMTA",
        "operator": "Los Angeles County Metropolitan Transportation Authority",
        "public_transport": "stop_position",
        "railway": "stop"
      },
      "geometry": {
        "type": "Point",
        "coordinates": [
          -118.147687,
          34.1481
        ]
      },
      "id": "node/26462449"
    },
    {
      "type": "Feature",
      "properties": {
        "@id": "node/36373872",
        "addr:city": "Burbank",
        "addr:housenumber": "3750",
        "addr:postcode": "91505",
        "addr:state": "CA",
        "addr:street": "W Empire Avenue",
        "air_conditioning": "no",
        "name": "Burbank Airport–South",
        "name:Amtrak": "Hollywood Burbank Airport",
        "network": "Amtrak;Metrolink",
        "operator": "Caltrans",
        "public_transport": "station",
        "railway": "station",
        "railway:position": "mi:460.6",
        "railway:ref": "BUR",
        "source": "Yahoo",
        "train": "yes",
        "wheelchair": "yes",
        "wikidata": "Q3096094",
        "wikipedia": "en:Burbank Airport–South station"
      },
      "geometry": {
        "type": "Point",
        "coordinates": [
          -118.353505,
          34.1929507
        ]
      },
      "id": "node/36373872"
    },
    {
      "type": "Feature",
      "properties": {
        "@id": "node/54441238",
        "aerialway": "station",
        "public_transport": "station"
      },
      "geometry": {
        "type": "Point",
        "coordinates": [
          -117.6217747,
          34.2700949
        ]
      },
      "id": "node/54441238"
    },
    {
      "type": "Feature",
      "properties": {
        "@id": "node/123297034",
        "light_rail": "yes",
        "name": "Arcadia",
        "network": "LACMTA",
        "operator": "Los Angeles County Metropolitan Transportation Authority",
        "public_transport": "stop_position",
        "railway": "stop"
      },
      "geometry": {
        "type": "Point",
        "coordinates": [
          -118.028872,
          34.1426109
        ]
      },
      "id": "node/123297034"
    },
    {
      "type": "Feature",
      "properties": {
        "@id": "node/123386730",
        "addr:city": "Los Angeles",
        "addr:housenumber": "5664",
        "addr:postcode": "90016",
        "addr:state": "CA",
        "addr:street": "W Jefferson Boulevard",
        "light_rail": "yes",
        "name": "La Cienega/Jefferson",
        "network": "LACMTA",
        "operator": "Los Angeles County Metropolitan Transportation Authority",
        "public_transport": "station",
        "railway": "station",
        "station": "light_rail",
        "wikidata": "Q2092456"
      },
      "geometry": {
        "type": "Point",
        "coordinates": [
          -118.3721521,
          34.0263634
        ]
      },
      "id": "node/123386730"
    },
    {
      "type": "Feature",
      "properties": {
        "@id": "node/247141462",
        "air_conditioning": "no",
        "fee": "Disneyland Park admittance required to enter Downtown Disney station",
        "internet_access": "no",
        "name": "Downtown Disney Monorail Station",
        "old_name": "Disneyland Hotel Monorail Station",
        "public_transport": "station",
        "railway": "station",
        "source": "http://disneyland.disney.go.com/disneyland/disneyland-monorail/",
        "tourism": "attraction",
        "wheelchair": "limited"
      },
      "geometry": {
        "type": "Point",
        "coordinates": [
          -117.9245408,
          33.8094008
        ]
      },
      "id": "node/247141462"
    },
    {
      "type": "Feature",
      "properties": {
        "@id": "node/267072333",
        "name": "Lower Tram Station",
        "public_transport": "station",
        "railway": "station",
        "ref": "T1",
        "source": "The Getty Foundation"
      },
      "geometry": {
        "type": "Point",
        "coordinates": [
          -118.475692,
          34.0875206
        ]
      },
      "id": "node/267072333"
    },
    {
      "type": "Feature",
      "properties": {
        "@id": "node/267072361",
        "check_date": "2026-07-17",
        "name": "Upper Tram Station",
        "public_transport": "station",
        "railway": "station",
        "source": "The Getty Foundation"
      },
      "geometry": {
        "type": "Point",
        "coordinates": [
          -118.47498,
          34.0783519
        ]
      },
      "id": "node/267072361"
    },
    {
      "type": "Feature",
      "properties": {
        "@id": "node/268371843",
        "name": "Civic Center/Grand Park",
        "network": "LACMTA",
        "operator": "Los Angeles County Metropolitan Transportation Authority",
        "public_transport": "stop_position",
        "railway": "stop",
        "subway": "yes"
      },
      "geometry": {
        "type": "Point",
        "coordinates": [
          -118.2465962,
          34.0544494
        ]
      },
      "id": "node/268371843"
    },
    {
      "type": "Feature",
      "properties": {
        "@id": "node/268371846",
        "name": "Pershing Square",
        "network": "LACMTA",
        "operator": "Los Angeles County Metropolitan Transportation Authority",
        "public_transport": "station",
        "railway": "station",
        "station": "subway",
        "subway": "yes",
        "wheelchair": "yes",
        "wikidata": "Q5919683"
      },
      "geometry": {
        "type": "Point",
        "coordinates": [
          -118.2510126,
          34.0496322
        ]
      },
      "id": "node/268371846"
    },
    {
      "type": "Feature",
      "properties": {
        "@id": "node/268372325",
        "light_rail": "yes",
        "location": "underground",
        "name": "7th Street/Metro Center",
        "network": "LACMTA",
        "operator": "Los Angeles County Metropolitan Transportation Authority",
        "public_transport": "station",
        "railway": "station",
        "station": "light_rail",
        "wheelchair": "yes",
        "wikidata": "Q3093639"
      },
      "geometry": {
        "type": "Point",
        "coordinates": [
          -118.258743,
          34.0486587
        ]
      },
      "id": "node/268372325"
    },
    {
      "type": "Feature",
      "properties": {
        "@id": "node/268544337",
        "name": "Cal State LA",
        "network": "Metrolink",
        "public_transport": "stop_position",
        "railway": "stop",
        "railway:position": "mi:4.6",
        "train": "yes"
      },
      "geometry": {
        "type": "Point",
        "coordinates": [
          -118.1688719,
          34.0626832
        ]
      },
      "id": "node/268544337"
    },
    {
      "type": "Feature",
      "properties": {
        "@id": "node/268547062",
        "addr:state": "CA",
        "name": "Los Angeles Union Station",
        "name:de": "Los Angeles Hauptbahnhof",
        "name:en": "Los Angeles Union Station",
        "network": "Amtrak;Metrolink",
        "operator": "Los Angeles County Metropolitan Transportation Authority",
        "platforms": "7",
        "public_transport": "station",
        "railway": "station",
        "railway:position": "mi:0.0",
        "railway:ref": "LAX",
        "toilets:wheelchair": "yes",
        "train": "yes",
        "wheelchair": "yes",
        "wikidata": "Q198019",
        "wikipedia": "en:Union Station (Los Angeles)"
      },
      "geometry": {
        "type": "Point",
        "coordinates": [
          -118.2342859,
          34.0558624
        ]
      },
      "id": "node/268547062"
    },
    {
      "type": "Feature",
      "properties": {
        "@id": "node/268671573",
        "check_date": "2023-06-15",
        "light_rail": "yes",
        "name": "Sierra Madre Villa",
        "network": "LACMTA",
        "operator": "Los Angeles County Metropolitan Transportation Authority",
        "public_transport": "stop_position",
        "railway": "stop"
      },
      "geometry": {
        "type": "Point",
        "coordinates": [
          -118.081637,
          34.1478042
        ]
      },
      "id": "node/268671573"
    },
    {
      "type": "Feature",
      "properties": {
        "@id": "node/269607658",
        "light_rail": "yes",
        "name": "Pico/Aliso",
        "network": "LACMTA",
        "operator": "Los Angeles County Metropolitan Transportation Authority",
        "public_transport": "stop_position",
        "railway": "stop"
      },
      "geometry": {
        "type": "Point",
        "coordinates": [
          -118.225589,
          34.0475843
        ]
      },
      "id": "node/269607658"
    },
    {
      "type": "Feature",
      "properties": {
        "@id": "node/269608253",
        "light_rail": "yes",
        "name": "Mariachi Plaza",
        "network": "LACMTA",
        "operator": "Los Angeles County Metropolitan Transportation Authority",
        "public_transport": "stop_position",
        "railway": "stop"
      },
      "geometry": {
        "type": "Point",
        "coordinates": [
          -118.219047,
          34.0471393
        ]
      },
      "id": "node/269608253"
    },
    {
      "type": "Feature",
      "properties": {
        "@id": "node/269608407",
        "light_rail": "yes",
        "name": "Soto",
        "network": "LACMTA",
        "operator": "Los Angeles County Metropolitan Transportation Authority",
        "public_transport": "stop_position",
        "railway": "stop"
      },
      "geometry": {
        "type": "Point",
        "coordinates": [
          -118.209871,
          34.04368
        ]
      },
      "id": "node/269608407"
    },
    {
      "type": "Feature",
      "properties": {
        "@id": "node/269612396",
        "light_rail": "yes",
        "name": "East LA Civic Center",
        "network": "LACMTA",
        "operator": "Los Angeles County Metropolitan Transportation Authority",
        "public_transport": "stop_position",
        "railway": "stop"
      },
      "geometry": {
        "type": "Point",
        "coordinates": [
          -118.160644,
          34.0333393
        ]
      },
      "id": "node/269612396"
    },
    {
      "type": "Feature",
      "properties": {
        "@id": "node/269612398",
        "light_rail": "yes",
        "name": "Atlantic",
        "network": "LACMTA",
        "operator": "Los Angeles County Metropolitan Transportation Authority",
        "public_transport": "stop_position",
        "railway": "stop"
      },
      "geometry": {
        "type": "Point",
        "coordinates": [
          -118.154036,
          34.0334253
        ]
      },
      "id": "node/269612398"
    },
    {
      "type": "Feature",
      "properties": {
        "@id": "node/270009094",
        "light_rail": "yes",
        "name": "Mariposa",
        "network": "LACMTA",
        "operator": "Los Angeles County Metropolitan Transportation Authority",
        "public_transport": "stop_position",
        "railway": "stop"
      },
      "geometry": {
        "type": "Point",
        "coordinates": [
          -118.3875361,
          33.9234193
        ]
      },
      "id": "node/270009094"
    },
    {
      "type": "Feature",
      "properties": {
        "@id": "node/270010007",
        "light_rail": "yes",
        "name": "El Segundo",
        "network": "LACMTA",
        "operator": "Los Angeles County Metropolitan Transportation Authority",
        "public_transport": "stop_position",
        "railway": "stop"
      },
      "geometry": {
        "type": "Point",
        "coordinates": [
          -118.387097,
          33.91656
        ]
      },
      "id": "node/270010007"
    },
    {
      "type": "Feature",
      "properties": {
        "@id": "node/270013935",
        "light_rail": "yes",
        "name": "Redondo Beach",
        "network": "LACMTA",
        "operator": "Los Angeles County Metropolitan Transportation Authority",
        "public_transport": "stop_position",
        "railway": "stop"
      },
      "geometry": {
        "type": "Point",
        "coordinates": [
          -118.3688659,
          33.8944653
        ]
      },
      "id": "node/270013935"
    },
    {
      "type": "Feature",
      "properties": {
        "@id": "node/279043953",
        "light_rail": "yes",
        "name": "Chinatown",
        "network": "LACMTA",
        "operator": "Los Angeles County Metropolitan Transportation Authority",
        "public_transport": "stop_position",
        "railway": "stop"
      },
      "geometry": {
        "type": "Point",
        "coordinates": [
          -118.2360119,
          34.0635518
        ]
      },
      "id": "node/279043953"
    },
    {
      "type": "Feature",
      "properties": {
        "@id": "node/279044631",
        "light_rail": "yes",
        "local_ref": "1",
        "name": "Union Station",
        "network": "LACMTA",
        "operator": "Los Angeles County Metropolitan Transportation Authority",
        "public_transport": "stop_position",
        "railway": "stop",
        "source": "bing_imagery",
        "toilets:wheelchair": "yes",
        "wheelchair": "yes"
      },
      "geometry": {
        "type": "Point",
        "coordinates": [
          -118.23484,
          34.0560038
        ]
      },
      "id": "node/279044631"
    },
    {
      "type": "Feature",
      "properties": {
        "@id": "node/279072457",
        "light_rail": "yes",
        "name": "Lincoln/Cypress",
        "network": "LACMTA",
        "operator": "Los Angeles County Metropolitan Transportation Authority",
        "public_transport": "stop_position",
        "railway": "stop"
      },
      "geometry": {
        "type": "Point",
        "coordinates": [
          -118.220784,
          34.0807298
        ]
      },
      "id": "node/279072457"
    },
    {
      "type": "Feature",
      "properties": {
        "@id": "node/279072692",
        "light_rail": "yes",
        "name": "Heritage Square",
        "network": "LACMTA",
        "operator": "Los Angeles County Metropolitan Transportation Authority",
        "public_transport": "stop_position",
        "railway": "stop"
      },
      "geometry": {
        "type": "Point",
        "coordinates": [
          -118.213388,
          34.0870901
        ]
      },
      "id": "node/279072692"
    },
    {
      "type": "Feature",
      "properties": {
        "@id": "node/279073202",
        "light_rail": "yes",
        "name": "Southwest Museum",
        "network": "LACMTA",
        "operator": "Los Angeles County Metropolitan Transportation Authority",
        "public_transport": "stop_position",
        "railway": "stop"
      },
      "geometry": {
        "type": "Point",
        "coordinates": [
          -118.207081,
          34.0980522
        ]
      },
      "id": "node/279073202"
    },
    {
      "type": "Feature",
      "properties": {
        "@id": "node/279643562",
        "light_rail": "yes",
        "name": "Vermont/Athens",
        "network": "LACMTA",
        "operator": "Los Angeles County Metropolitan Transportation Authority",
        "public_transport": "stop_position",
        "railway": "stop"
      },
      "geometry": {
        "type": "Point",
        "coordinates": [
          -118.2913332,
          33.928649
        ]
      },
      "id": "node/279643562"
    },
    {
      "type": "Feature",
      "properties": {
        "@id": "node/279644102",
        "light_rail": "yes",
        "name": "Avalon",
        "network": "LACMTA",
        "operator": "Los Angeles County Metropolitan Transportation Authority",
        "public_transport": "stop_position",
        "railway": "stop"
      },
      "geometry": {
        "type": "Point",
        "coordinates": [
          -118.2656232,
          33.9275241
        ]
      },
      "id": "node/279644102"
    },
    {
      "type": "Feature",
      "properties": {
        "@id": "node/280550848",
        "light_rail": "yes",
        "name": "Lake",
        "network": "LACMTA",
        "operator": "Los Angeles County Metropolitan Transportation Authority",
        "public_transport": "stop_position",
        "railway": "stop"
      },
      "geometry": {
        "type": "Point",
        "coordinates": [
          -118.13208,
          34.1518504
        ]
      },
      "id": "node/280550848"
    },
    {
      "type": "Feature",
      "properties": {
        "@id": "node/280550866",
        "light_rail": "yes",
        "name": "Allen",
        "network": "LACMTA",
        "operator": "Los Angeles County Metropolitan Transportation Authority",
        "public_transport": "stop_position",
        "railway": "stop"
      },
      "geometry": {
        "type": "Point",
        "coordinates": [
          -118.1147,
          34.1524458
        ]
      },
      "id": "node/280550866"
    },
    {
      "type": "Feature",
      "properties": {
        "@id": "node/280551690",
        "light_rail": "yes",
        "name": "Lake",
        "network": "LACMTA",
        "operator": "Los Angeles County Metropolitan Transportation Authority",
        "public_transport": "station",
        "railway": "station",
        "station": "light_rail",
        "wheelchair": "yes",
        "wikidata": "Q6474647"
      },
      "geometry": {
        "type": "Point",
        "coordinates": [
          -118.1321159,
          34.1518118
        ]
      },
      "id": "node/280551690"
    },
    {
      "type": "Feature",
      "properties": {
        "@id": "node/280555676",
        "light_rail": "yes",
        "name": "Del Mar",
        "network": "LACMTA",
        "operator": "Los Angeles County Metropolitan Transportation Authority",
        "public_transport": "stop_position",
        "railway": "stop"
      },
      "geometry": {
        "type": "Point",
        "coordinates": [
          -118.14824,
          34.1415986
        ]
      },
      "id": "node/280555676"
    },
    {
      "type": "Feature",
      "properties": {
        "@id": "node/280559734",
        "light_rail": "yes",
        "name": "Fillmore",
        "network": "LACMTA",
        "operator": "Los Angeles County Metropolitan Transportation Authority",
        "public_transport": "stop_position",
        "railway": "stop",
        "wheelchair": "yes"
      },
      "geometry": {
        "type": "Point",
        "coordinates": [
          -118.148162,
          34.1331873
        ]
      },
      "id": "node/280559734"
    },
    {
      "type": "Feature",
      "properties": {
        "@id": "node/280580488",
        "light_rail": "yes",
        "name": "South Pasadena",
        "network": "LACMTA",
        "operator": "Los Angeles County Metropolitan Transportation Authority",
        "public_transport": "stop_position",
        "railway": "stop"
      },
      "geometry": {
        "type": "Point",
        "coordinates": [
          -118.158048,
          34.1150854
        ]
      },
      "id": "node/280580488"
    },
    {
      "type": "Feature",
      "properties": {
        "@id": "node/344373032",
        "light_rail": "yes",
        "name": "Westwood/Rancho Park",
        "network": "LACMTA",
        "operator": "Los Angeles County Metropolitan Transportation Authority",
        "public_transport": "station",
        "railway": "station",
        "station": "light_rail",
        "wheelchair": "yes",
        "wikidata": "Q5421459"
      },
      "geometry": {
        "type": "Point",
        "coordinates": [
          -118.4245788,
          34.0368181
        ]
      },
      "id": "node/344373032"
    },
    {
      "type": "Feature",
      "properties": {
        "@id": "node/359099708",
        "light_rail": "yes",
        "name": "Lakewood Boulevard",
        "network": "LACMTA",
        "operator": "Los Angeles County Metropolitan Transportation Authority",
        "public_transport": "stop_position",
        "railway": "stop"
      },
      "geometry": {
        "type": "Point",
        "coordinates": [
          -118.1412185,
          33.9131331
        ]
      },
      "id": "node/359099708"
    },
    {
      "type": "Feature",
      "properties": {
        "@id": "node/368173836",
        "addr:state": "CA",
        "ele": "49",
        "gnis:feature_id": "1766007",
        "name": "Fullerton",
        "network": "Amtrak;Metrolink",
        "old_name": "Fullerton Union Pacific Depot",
        "public_transport": "station",
        "railway": "station",
        "railway:position": "mi:165.1",
        "railway:ref": "FUL",
        "source": "USGS Geonames",
        "train": "yes",
        "website": "https://www.amtrak.com/stations/ful",
        "wheelchair": "yes",
        "wikidata": "Q3096498",
        "wikipedia": "en:Fullerton Transportation Center"
      },
      "geometry": {
        "type": "Point",
        "coordinates": [
          -117.9227053,
          33.8685908
        ]
      },
      "id": "node/368173836"
    },
    {
      "type": "Feature",
      "properties": {
        "@id": "node/472433033",
        "amenity": "bus_station",
        "bus": "yes",
        "name": "Patsaouras Transit Plaza",
        "network": "LACMTA",
        "operator": "Los Angeles County Metropolitan Transportation Authority",
        "public_transport": "station",
        "source": "local_knowledge;bing_imagery",
        "wikidata": "Q7148202"
      },
      "geometry": {
        "type": "Point",
        "coordinates": [
          -118.2331657,
          34.0552141
        ]
      },
      "id": "node/472433033"
    },
    {
      "type": "Feature",
      "properties": {
        "@id": "node/493856506",
        "light_rail": "yes",
        "name": "Highland Park",
        "network": "LACMTA",
        "operator": "Los Angeles County Metropolitan Transportation Authority",
        "public_transport": "stop_position",
        "railway": "stop",
        "wheelchair": "yes"
      },
      "geometry": {
        "type": "Point",
        "coordinates": [
          -118.19295,
          34.1110616
        ]
      },
      "id": "node/493856506"
    },
    {
      "type": "Feature",
      "properties": {
        "@id": "node/563390486",
        "light_rail": "yes",
        "name": "Indiana",
        "network": "LACMTA",
        "operator": "Los Angeles County Metropolitan Transportation Authority",
        "public_transport": "stop_position",
        "railway": "stop"
      },
      "geometry": {
        "type": "Point",
        "coordinates": [
          -118.1922075,
          34.0339005
        ]
      },
      "id": "node/563390486"
    },
    {
      "type": "Feature",
      "properties": {
        "@id": "node/563390487",
        "light_rail": "yes",
        "name": "Maravilla",
        "network": "LACMTA",
        "operator": "Los Angeles County Metropolitan Transportation Authority",
        "public_transport": "stop_position",
        "railway": "stop"
      },
      "geometry": {
        "type": "Point",
        "coordinates": [
          -118.1676,
          34.0332711
        ]
      },
      "id": "node/563390487"
    },
    {
      "type": "Feature",
      "properties": {
        "@id": "node/663895855",
        "light_rail": "yes",
        "name": "Pacific Coast Highway",
        "network": "LACMTA",
        "operator": "Los Angeles County Metropolitan Transportation Authority",
        "public_transport": "stop_position",
        "railway": "stop"
      },
      "geometry": {
        "type": "Point",
        "coordinates": [
          -118.189346,
          33.7894939
        ]
      },
      "id": "node/663895855"
    },
    {
      "type": "Feature",
      "properties": {
        "@id": "node/663895856",
        "light_rail": "yes",
        "name": "Pacific Coast Highway",
        "network": "LACMTA",
        "operator": "Los Angeles County Metropolitan Transportation Authority",
        "public_transport": "stop_position",
        "railway": "stop"
      },
      "geometry": {
        "type": "Point",
        "coordinates": [
          -118.1894374,
          33.7887083
        ]
      },
      "id": "node/663895856"
    },
    {
      "type": "Feature",
      "properties": {
        "@id": "node/663895978",
        "light_rail": "yes",
        "name": "Willow Street",
        "network": "LACMTA",
        "operator": "Los Angeles County Metropolitan Transportation Authority",
        "public_transport": "stop_position",
        "railway": "stop"
      },
      "geometry": {
        "type": "Point",
        "coordinates": [
          -118.1899865,
          33.8074443
        ]
      },
      "id": "node/663895978"
    },
    {
      "type": "Feature",
      "properties": {
        "@id": "node/663895979",
        "light_rail": "yes",
        "name": "Willow Street",
        "network": "LACMTA",
        "operator": "Los Angeles County Metropolitan Transportation Authority",
        "public_transport": "stop_position",
        "railway": "stop"
      },
      "geometry": {
        "type": "Point",
        "coordinates": [
          -118.1897152,
          33.8066898
        ]
      },
      "id": "node/663895979"
    },
    {
      "type": "Feature",
      "properties": {
        "@id": "node/705015365",
        "amenity": "bus_station",
        "bus": "yes",
        "name": "Culver City Transit Center",
        "public_transport": "station"
      },
      "geometry": {
        "type": "Point",
        "coordinates": [
          -118.394733,
          33.9880248
        ]
      },
      "id": "node/705015365"
    },
    {
      "type": "Feature",
      "properties": {
        "@id": "node/864284445",
        "alt_name": "National/Palms",
        "light_rail": "yes",
        "name": "Palms",
        "network": "LACMTA",
        "operator": "Los Angeles County Metropolitan Transportation Authority",
        "public_transport": "station",
        "railway": "station",
        "station": "light_rail",
        "wheelchair": "yes",
        "wikidata": "Q6970073"
      },
      "geometry": {
        "type": "Point",
        "coordinates": [
          -118.4042754,
          34.0293247
        ]
      },
      "id": "node/864284445"
    },
    {
      "type": "Feature",
      "properties": {
        "@id": "node/903466585",
        "name": "Van Nuys",
        "network": "Amtrak;Metrolink",
        "public_transport": "stop_position",
        "railway": "stop",
        "railway:position": "mi:455.1",
        "railway:ref": "VNC",
        "train": "yes"
      },
      "geometry": {
        "type": "Point",
        "coordinates": [
          -118.4447986,
          34.210816
        ]
      },
      "id": "node/903466585"
    },
    {
      "type": "Feature",
      "properties": {
        "@id": "node/1014537350",
        "amenity": "bus_station",
        "bus": "yes",
        "public_transport": "station"
      },
      "geometry": {
        "type": "Point",
        "coordinates": [
          -118.0312496,
          34.1516524
        ]
      },
      "id": "node/1014537350"
    },
    {
      "type": "Feature",
      "properties": {
        "@id": "node/1208373042",
        "light_rail": "yes",
        "local_ref": "2",
        "name": "Union Station",
        "network": "LACMTA",
        "operator": "Los Angeles County Metropolitan Transportation Authority",
        "public_transport": "stop_position",
        "railway": "stop",
        "source": "bing_imagery"
      },
      "geometry": {
        "type": "Point",
        "coordinates": [
          -118.234714,
          34.0559893
        ]
      },
      "id": "node/1208373042"
    },
    {
      "type": "Feature",
      "properties": {
        "@id": "node/1231834589",
        "amenity": "ferry_terminal",
        "cargo": "passengers",
        "ferry": "yes",
        "name": "Frontierland Landing",
        "note": "Both Ships do not operate during performances of Fantasmic. The Columbia does not operate in inclement weather. (Rain)",
        "operator": "Disney Parks and Resorts",
        "public_transport": "station",
        "tourism": "attraction",
        "wheelchair": "limited",
        "wikidata": "Q3461623",
        "wikipedia": "en:Sailing Ship Columbia"
      },
      "geometry": {
        "type": "Point",
        "coordinates": [
          -117.920578,
          33.8122417
        ]
      },
      "id": "node/1231834589"
    },
    {
      "type": "Feature",
      "properties": {
        "@id": "node/1235707233",
        "amenity": "ferry_terminal",
        "ferry": "yes",
        "name": "Davy Crocket's Explorer Canoes",
        "public_transport": "station",
        "sport": "canoe"
      },
      "geometry": {
        "type": "Point",
        "coordinates": [
          -117.922096,
          33.8125261
        ]
      },
      "id": "node/1235707233"
    },
    {
      "type": "Feature",
      "properties": {
        "@id": "node/1237782015",
        "addr:state": "CA",
        "name": "Pomona–Downtown",
        "network": "Amtrak;Metrolink",
        "public_transport": "station",
        "railway": "station",
        "railway:position": "mi:31.90",
        "railway:ref": "POS",
        "train": "yes",
        "website": "https://www.amtrak.com/stations/pos.html",
        "wikidata": "Q7227379",
        "wikipedia": "en:Pomona–Downtown station"
      },
      "geometry": {
        "type": "Point",
        "coordinates": [
          -117.7512982,
          34.0590938
        ]
      },
      "id": "node/1237782015"
    },
    {
      "type": "Feature",
      "properties": {
        "@id": "node/1360105262",
        "name": "Carthay Circle Stop",
        "public_transport": "stop_position",
        "railway": "tram_stop",
        "tram": "yes",
        "website": "https://disneyland.disney.go.com/disneys-california-adventure/red-car-trolley/"
      },
      "geometry": {
        "type": "Point",
        "coordinates": [
          -117.9193434,
          33.8075353
        ]
      },
      "id": "node/1360105262"
    },
    {
      "type": "Feature",
      "properties": {
        "@id": "node/1374395357",
        "name": "Anaheim",
        "network": "Amtrak;Metrolink",
        "public_transport": "stop_position",
        "railway": "stop",
        "railway:position": "mi:170.6",
        "railway:ref": "ANA",
        "source": "bing_imagery",
        "train": "yes"
      },
      "geometry": {
        "type": "Point",
        "coordinates": [
          -117.8814668,
          33.8034512
        ]
      },
      "id": "node/1374395357"
    },
    {
      "type": "Feature",
      "properties": {
        "@id": "node/1376441753",
        "name": "7th Street/Metro Center",
        "network": "LACMTA",
        "operator": "Los Angeles County Metropolitan Transportation Authority",
        "public_transport": "stop_position",
        "railway": "stop",
        "subway": "yes"
      },
      "geometry": {
        "type": "Point",
        "coordinates": [
          -118.2593305,
          34.0490995
        ]
      },
      "id": "node/1376441753"
    },
    {
      "type": "Feature",
      "properties": {
        "@id": "node/1376441758",
        "light_rail": "yes",
        "name": "7th Street/Metro Center",
        "network": "LACMTA",
        "operator": "Los Angeles County Metropolitan Transportation Authority",
        "public_transport": "stop_position",
        "railway": "stop"
      },
      "geometry": {
        "type": "Point",
        "coordinates": [
          -118.2582876,
          34.0490968
        ]
      },
      "id": "node/1376441758"
    },
    {
      "type": "Feature",
      "properties": {
        "@id": "node/1376447616",
        "light_rail": "yes",
        "name": "7th Street/Metro Center",
        "network": "LACMTA",
        "operator": "Los Angeles County Metropolitan Transportation Authority",
        "public_transport": "stop_position",
        "railway": "stop"
      },
      "geometry": {
        "type": "Point",
        "coordinates": [
          -118.2587789,
          34.0486387
        ]
      },
      "id": "node/1376447616"
    },
    {
      "type": "Feature",
      "properties": {
        "@id": "node/1376467705",
        "light_rail": "yes",
        "name": "Pico",
        "network": "LACMTA",
        "operator": "Los Angeles County Metropolitan Transportation Authority",
        "public_transport": "stop_position",
        "railway": "stop"
      },
      "geometry": {
        "type": "Point",
        "coordinates": [
          -118.2664756,
          34.0404194
        ]
      },
      "id": "node/1376467705"
    },
    {
      "type": "Feature",
      "properties": {
        "@id": "node/1376467712",
        "light_rail": "yes",
        "name": "Pico",
        "network": "LACMTA",
        "operator": "Los Angeles County Metropolitan Transportation Authority",
        "public_transport": "stop_position",
        "railway": "stop"
      },
      "geometry": {
        "type": "Point",
        "coordinates": [
          -118.2659784,
          34.0408524
        ]
      },
      "id": "node/1376467712"
    },
    {
      "type": "Feature",
      "properties": {
        "@id": "node/1423335603",
        "aerialway": "station",
        "public_transport": "station"
      },
      "geometry": {
        "type": "Point",
        "coordinates": [
          -117.6175353,
          34.2817981
        ]
      },
      "id": "node/1423335603"
    },
    {
      "type": "Feature",
      "properties": {
        "@id": "node/1426903510",
        "name": "The Hub",
        "public_transport": "stop_position",
        "railway": "tram_stop",
        "tram": "yes"
      },
      "geometry": {
        "type": "Point",
        "coordinates": [
          -117.9189588,
          33.8122937
        ]
      },
      "id": "node/1426903510"
    },
    {
      "type": "Feature",
      "properties": {
        "@id": "node/1431434321",
        "name": "Commerce",
        "network": "Metrolink",
        "public_transport": "stop_position",
        "railway": "stop",
        "railway:position": "mi:148.3",
        "source": "bing_imagery",
        "train": "yes"
      },
      "geometry": {
        "type": "Point",
        "coordinates": [
          -118.1438252,
          33.9908094
        ]
      },
      "id": "node/1431434321"
    },
    {
      "type": "Feature",
      "properties": {
        "@id": "node/1446077221",
        "name": "Fantasyland Station",
        "public_transport": "station",
        "railway": "station",
        "website": "https://disneyland.disney.go.com/disneyland/casey-jr-circus-train/",
        "wheelchair": "limited"
      },
      "geometry": {
        "type": "Point",
        "coordinates": [
          -117.919284,
          33.8137247
        ]
      },
      "id": "node/1446077221"
    },
    {
      "type": "Feature",
      "properties": {
        "@id": "node/1446696511",
        "name": "Town Square",
        "public_transport": "stop_position",
        "railway": "tram_stop",
        "tourism": "attraction",
        "tram": "yes"
      },
      "geometry": {
        "type": "Point",
        "coordinates": [
          -117.918957,
          33.8102024
        ]
      },
      "id": "node/1446696511"
    },
    {
      "type": "Feature",
      "properties": {
        "@id": "node/1451383696",
        "name": "Mickey's Toontown Depot",
        "old_name": "Videopolis Station",
        "operator": "Disney Parks",
        "public_transport": "station",
        "railway": "station",
        "ref": "DRR: Mickey's Toontown Depot",
        "website": "https://disneyland.disney.go.com/attractions/disneyland/disneyland-railroad/",
        "wheelchair": "yes"
      },
      "geometry": {
        "type": "Point",
        "coordinates": [
          -117.918536,
          33.8148454
        ]
      },
      "id": "node/1451383696"
    },
    {
      "type": "Feature",
      "properties": {
        "@id": "node/1474022616",
        "air_conditioning": "no",
        "name": "New Orleans Square Station",
        "old_name": "Frontierland Station",
        "public_transport": "station",
        "railway": "station",
        "ref": "DRR: New Orleans Square Station",
        "website": "https://disneyland.disney.go.com/attractions/disneyland/disneyland-railroad/",
        "wheelchair": "yes"
      },
      "geometry": {
        "type": "Point",
        "coordinates": [
          -117.921932,
          33.8112026
        ]
      },
      "id": "node/1474022616"
    },
    {
      "type": "Feature",
      "properties": {
        "@id": "node/1474022646",
        "designation": "1",
        "name": "Tomorrowland Station",
        "operator": "Disney Parks",
        "public_transport": "station",
        "railway": "station",
        "ref": "DRR: Tomorrowland Station",
        "website": "https://disneyland.disney.go.com/attractions/disneyland/disneyland-railroad/",
        "wheelchair": "limited"
      },
      "geometry": {
        "type": "Point",
        "coordinates": [
          -117.915798,
          33.8124524
        ]
      },
      "id": "node/1474022646"
    },
    {
      "type": "Feature",
      "properties": {
        "@id": "node/1474022664",
        "designation": "2",
        "name": "Main Street Station",
        "public_transport": "station",
        "railway": "station",
        "ref": "DRR: Main Street Station",
        "website": "https://disneyland.disney.go.com/attractions/disneyland/disneyland-railroad/",
        "wheelchair": "no"
      },
      "geometry": {
        "type": "Point",
        "coordinates": [
          -117.918956,
          33.8099111
        ]
      },
      "id": "node/1474022664"
    },
    {
      "type": "Feature",
      "properties": {
        "@id": "node/1524398657",
        "name": "Camp Snoopy Depot",
        "public_transport": "station",
        "railway": "station"
      },
      "geometry": {
        "type": "Point",
        "coordinates": [
          -117.9986513,
          33.8452464
        ]
      },
      "id": "node/1524398657"
    },
    {
      "type": "Feature",
      "properties": {
        "@id": "node/1618274467",
        "light_rail": "yes",
        "name": "Expo/La Brea",
        "network": "LACMTA",
        "operator": "Los Angeles County Metropolitan Transportation Authority",
        "public_transport": "station",
        "railway": "station",
        "station": "light_rail",
        "wheelchair": "yes",
        "wikidata": "Q2092637"
      },
      "geometry": {
        "type": "Point",
        "coordinates": [
          -118.3551479,
          34.0248103
        ]
      },
      "id": "node/1618274467"
    },
    {
      "type": "Feature",
      "properties": {
        "@id": "node/1618274502",
        "light_rail": "yes",
        "name": "Culver City",
        "network": "LACMTA",
        "operator": "Los Angeles County Metropolitan Transportation Authority",
        "public_transport": "station",
        "railway": "station",
        "station": "light_rail",
        "wheelchair": "yes",
        "wikidata": "Q2092437"
      },
      "geometry": {
        "type": "Point",
        "coordinates": [
          -118.3888493,
          34.0278787
        ]
      },
      "id": "node/1618274502"
    },
    {
      "type": "Feature",
      "properties": {
        "@id": "node/1640836557",
        "name": "Anaheim Canyon",
        "network": "Metrolink",
        "public_transport": "station",
        "railway": "station",
        "railway:position": "mi:1.2",
        "train": "yes",
        "wikidata": "Q4750877"
      },
      "geometry": {
        "type": "Point",
        "coordinates": [
          -117.8404979,
          33.8542053
        ]
      },
      "id": "node/1640836557"
    },
    {
      "type": "Feature",
      "properties": {
        "@id": "node/1709283231",
        "light_rail": "yes",
        "name": "26th Street/Bergamot",
        "network": "LACMTA",
        "operator": "Los Angeles County Metropolitan Transportation Authority",
        "public_transport": "station",
        "railway": "station",
        "station": "light_rail",
        "wheelchair": "yes",
        "wikidata": "Q7089022"
      },
      "geometry": {
        "type": "Point",
        "coordinates": [
          -118.4690898,
          34.0280089
        ]
      },
      "id": "node/1709283231"
    },
    {
      "type": "Feature",
      "properties": {
        "@id": "node/1717023994",
        "light_rail": "yes",
        "name": "Douglas",
        "network": "LACMTA",
        "operator": "Los Angeles County Metropolitan Transportation Authority",
        "public_transport": "stop_position",
        "railway": "stop",
        "station": "light_rail"
      },
      "geometry": {
        "type": "Point",
        "coordinates": [
          -118.3833191,
          33.9055031
        ]
      },
      "id": "node/1717023994"
    },
    {
      "type": "Feature",
      "properties": {
        "@id": "node/1717061485",
        "light_rail": "yes",
        "name": "Crenshaw",
        "network": "LACMTA",
        "operator": "Los Angeles County Metropolitan Transportation Authority",
        "public_transport": "stop_position",
        "railway": "stop"
      },
      "geometry": {
        "type": "Point",
        "coordinates": [
          -118.3261078,
          33.925192
        ]
      },
      "id": "node/1717061485"
    },
    {
      "type": "Feature",
      "properties": {
        "@id": "node/1717061521",
        "light_rail": "yes",
        "name": "Hawthorne/Lennox",
        "network": "LACMTA",
        "operator": "Los Angeles County Metropolitan Transportation Authority",
        "public_transport": "stop_position",
        "railway": "stop",
        "wheelchair": "yes"
      },
      "geometry": {
        "type": "Point",
        "coordinates": [
          -118.3513177,
          33.9333127
        ]
      },
      "id": "node/1717061521"
    },
    {
      "type": "Feature",
      "properties": {
        "@id": "node/1768112047",
        "addr:city": "Los Angeles",
        "addr:housenumber": "11500",
        "addr:postcode": "90045",
        "addr:state": "CA",
        "addr:street": "Aviation Boulevard",
        "light_rail": "yes",
        "name": "Aviation/Imperial",
        "network": "LACMTA",
        "operator": "Los Angeles County Metropolitan Transportation Authority",
        "public_transport": "station",
        "railway": "station",
        "station": "light_rail",
        "wheelchair": "yes",
        "wikidata": "Q195806",
        "wikipedia": "en:Aviation/Imperial station"
      },
      "geometry": {
        "type": "Point",
        "coordinates": [
          -118.3772137,
          33.9296211
        ]
      },
      "id": "node/1768112047"
    },
    {
      "type": "Feature",
      "properties": {
        "@id": "node/1779331115",
        "light_rail": "yes",
        "name": "Compton",
        "network": "LACMTA",
        "operator": "Los Angeles County Metropolitan Transportation Authority",
        "public_transport": "stop_position",
        "railway": "stop"
      },
      "geometry": {
        "type": "Point",
        "coordinates": [
          -118.2242871,
          33.8971425
        ]
      },
      "id": "node/1779331115"
    },
    {
      "type": "Feature",
      "properties": {
        "@id": "node/1838356031",
        "addr:city": "Tustin",
        "addr:housenumber": "2975",
        "addr:postcode": "92780",
        "addr:state": "CA",
        "addr:street": "Edinger Avenue",
        "bus": "yes",
        "internet_access": "no",
        "name": "Tustin",
        "network": "Metrolink",
        "network:wikidata": "Q766647",
        "official_name": "Tustin Metrolink Station",
        "operator": "Southern California Regional Rail Authority",
        "public_transport": "station",
        "railway": "station",
        "railway:position": "mi:179.5",
        "source": "local_knowledge;bing_imagery",
        "train": "yes",
        "website": "https://metrolinktrains.com/rider-info/general-info/stations/tustin/",
        "wikidata": "Q7856845"
      },
      "geometry": {
        "type": "Point",
        "coordinates": [
          -117.8059916,
          33.7079384
        ]
      },
      "id": "node/1838356031"
    },
    {
      "type": "Feature",
      "properties": {
        "@id": "node/1838356042",
        "name": "Tustin",
        "network": "Metrolink",
        "operator": "Southern California Regional Rail Authority",
        "public_transport": "stop_position",
        "railway": "stop",
        "railway:position": "mi:179.5",
        "train": "yes"
      },
      "geometry": {
        "type": "Point",
        "coordinates": [
          -117.8052658,
          33.7075177
        ]
      },
      "id": "node/1838356042"
    },
    {
      "type": "Feature",
      "properties": {
        "@id": "node/1838356043",
        "name": "Tustin",
        "network": "Metrolink",
        "operator": "Southern California Regional Rail Authority",
        "public_transport": "stop_position",
        "railway": "stop",
        "railway:position": "mi:179.5",
        "source": "bing_imagery",
        "train": "yes"
      },
      "geometry": {
        "type": "Point",
        "coordinates": [
          -117.8065305,
          33.7084626
        ]
      },
      "id": "node/1838356043"
    },
    {
      "type": "Feature",
      "properties": {
        "@id": "node/1842097118",
        "addr:city": "Irvine",
        "addr:housenumber": "15215",
        "addr:postcode": "92618",
        "addr:state": "CA",
        "addr:street": "Barranca Parkway",
        "air_conditioning": "yes",
        "name": "Irvine",
        "network": "Amtrak;Metrolink",
        "public_transport": "station",
        "railway": "station",
        "railway:position": "mi:185.0",
        "railway:ref": "IRV",
        "source": "usgs_imagery;survey;image",
        "source_ref": "AM909_DSCV0931",
        "train": "yes",
        "website": "https://metrolinktrains.com/stations/detail/station_id/100.html",
        "wheelchair": "yes",
        "wikidata": "Q3095798"
      },
      "geometry": {
        "type": "Point",
        "coordinates": [
          -117.733584,
          33.6567847
        ]
      },
      "id": "node/1842097118"
    },
    {
      "type": "Feature",
      "properties": {
        "@id": "node/1842099588",
        "name": "Irvine",
        "network": "Amtrak;Metrolink",
        "public_transport": "stop_position",
        "railway": "stop",
        "railway:position": "mi:185.0",
        "railway:ref": "IRV",
        "train": "yes"
      },
      "geometry": {
        "type": "Point",
        "coordinates": [
          -117.7323711,
          33.6566884
        ]
      },
      "id": "node/1842099588"
    },
    {
      "type": "Feature",
      "properties": {
        "@id": "node/1842099606",
        "name": "Irvine",
        "network": "Amtrak;Metrolink",
        "public_transport": "stop_position",
        "railway": "stop",
        "railway:position": "mi:185.0",
        "railway:ref": "IRV",
        "train": "yes"
      },
      "geometry": {
        "type": "Point",
        "coordinates": [
          -117.7337822,
          33.6577435
        ]
      },
      "id": "node/1842099606"
    },
    {
      "type": "Feature",
      "properties": {
        "@id": "node/1842110401",
        "name": "Santa Ana",
        "network": "Amtrak;Metrolink",
        "public_transport": "stop_position",
        "railway": "stop",
        "railway:position": "mi:175.2",
        "railway:ref": "SNA",
        "train": "yes"
      },
      "geometry": {
        "type": "Point",
        "coordinates": [
          -117.8559871,
          33.7517727
        ]
      },
      "id": "node/1842110401"
    },
    {
      "type": "Feature",
      "properties": {
        "@id": "node/1842110411",
        "name": "Santa Ana",
        "network": "Amtrak;Metrolink",
        "public_transport": "stop_position",
        "railway": "stop",
        "railway:position": "mi:175.2",
        "railway:ref": "SNA",
        "train": "yes"
      },
      "geometry": {
        "type": "Point",
        "coordinates": [
          -117.8559411,
          33.7517722
        ]
      },
      "id": "node/1842110411"
    },
    {
      "type": "Feature",
      "properties": {
        "@id": "node/1842116070",
        "name": "Orange",
        "network": "Metrolink",
        "network:wikidata": "Q766647",
        "old_name": "Orange Santa Fe Depot",
        "operator": "Southern California Regional Rail Authority",
        "public_transport": "station",
        "railway": "station",
        "railway:position": "mi:172.6",
        "railway:ref": "OGE",
        "source": "local_knowledge;bing_imagery",
        "train": "yes",
        "wikidata": "Q6379805"
      },
      "geometry": {
        "type": "Point",
        "coordinates": [
          -117.8572654,
          33.7888103
        ]
      },
      "id": "node/1842116070"
    },
    {
      "type": "Feature",
      "properties": {
        "@id": "node/1842116071",
        "name": "Orange",
        "network": "Metrolink",
        "public_transport": "stop_position",
        "railway": "stop",
        "railway:position": "mi:172.6",
        "railway:ref": "OGE",
        "train": "yes"
      },
      "geometry": {
        "type": "Point",
        "coordinates": [
          -117.8574546,
          33.7895756
        ]
      },
      "id": "node/1842116071"
    },
    {
      "type": "Feature",
      "properties": {
        "@id": "node/1842116072",
        "name": "Orange",
        "network": "Metrolink",
        "public_transport": "stop_position",
        "railway": "stop",
        "railway:position": "mi:172.6",
        "railway:ref": "OGE",
        "train": "yes"
      },
      "geometry": {
        "type": "Point",
        "coordinates": [
          -117.8575181,
          33.7883125
        ]
      },
      "id": "node/1842116072"
    },
    {
      "type": "Feature",
      "properties": {
        "@id": "node/1842116882",
        "name": "Anaheim",
        "network": "Amtrak;Metrolink",
        "public_transport": "stop_position",
        "railway": "stop",
        "railway:position": "mi:170.6",
        "railway:ref": "ANA",
        "source": "bing_imagery",
        "train": "yes"
      },
      "geometry": {
        "type": "Point",
        "coordinates": [
          -117.881443,
          33.8035029
        ]
      },
      "id": "node/1842116882"
    },
    {
      "type": "Feature",
      "properties": {
        "@id": "node/1842117493",
        "amenity": "bus_station",
        "bus": "yes",
        "name": "Fullerton Transportation Center",
        "public_transport": "station",
        "source": "https://octa.net/ebusbook/RoutePDF/Routes_Serving_Stations.pdf",
        "source_ref": "vvvexp97"
      },
      "geometry": {
        "type": "Point",
        "coordinates": [
          -117.9226448,
          33.8697879
        ]
      },
      "id": "node/1842117493"
    },
    {
      "type": "Feature",
      "properties": {
        "@id": "node/1842124612",
        "name": "Commerce",
        "network": "Metrolink",
        "public_transport": "station",
        "railway": "station",
        "railway:position": "mi:148.3",
        "source": "local_knowledge;bing_imagery",
        "train": "yes",
        "wikidata": "Q5152406"
      },
      "geometry": {
        "type": "Point",
        "coordinates": [
          -118.1439015,
          33.9907996
        ]
      },
      "id": "node/1842124612"
    },
    {
      "type": "Feature",
      "properties": {
        "@id": "node/1842125316",
        "name": "Union Station",
        "network": "LACMTA",
        "operator": "Los Angeles County Metropolitan Transportation Authority",
        "public_transport": "stop_position",
        "railway": "stop",
        "subway": "yes"
      },
      "geometry": {
        "type": "Point",
        "coordinates": [
          -118.2349422,
          34.0563316
        ]
      },
      "id": "node/1842125316"
    },
    {
      "type": "Feature",
      "properties": {
        "@id": "node/1864977227",
        "amenity": "bus_station",
        "bus": "yes",
        "name": "Disneyland Hotel Bus Stop",
        "public_transport": "station"
      },
      "geometry": {
        "type": "Point",
        "coordinates": [
          -117.926728,
          33.8096473
        ]
      },
      "id": "node/1864977227"
    },
    {
      "type": "Feature",
      "properties": {
        "@id": "node/1866487100",
        "light_rail": "yes",
        "name": "Wardlow",
        "network": "LACMTA",
        "operator": "Los Angeles County Metropolitan Transportation Authority",
        "public_transport": "stop_position",
        "railway": "stop"
      },
      "geometry": {
        "type": "Point",
        "coordinates": [
          -118.1959542,
          33.8195847
        ]
      },
      "id": "node/1866487100"
    },
    {
      "type": "Feature",
      "properties": {
        "@id": "node/1866513206",
        "light_rail": "yes",
        "name": "Del Amo",
        "network": "LACMTA",
        "operator": "Los Angeles County Metropolitan Transportation Authority",
        "public_transport": "stop_position",
        "railway": "stop"
      },
      "geometry": {
        "type": "Point",
        "coordinates": [
          -118.2111052,
          33.8485501
        ]
      },
      "id": "node/1866513206"
    },
    {
      "type": "Feature",
      "properties": {
        "@id": "node/1866528796",
        "light_rail": "yes",
        "name": "Del Amo",
        "network": "LACMTA",
        "operator": "Los Angeles County Metropolitan Transportation Authority",
        "public_transport": "stop_position",
        "railway": "stop"
      },
      "geometry": {
        "type": "Point",
        "coordinates": [
          -118.210899,
          33.8478309
        ]
      },
      "id": "node/1866528796"
    },
    {
      "type": "Feature",
      "properties": {
        "@id": "node/1866528860",
        "light_rail": "yes",
        "name": "Artesia",
        "network": "LACMTA",
        "operator": "Los Angeles County Metropolitan Transportation Authority",
        "public_transport": "stop_position",
        "railway": "stop"
      },
      "geometry": {
        "type": "Point",
        "coordinates": [
          -118.2226162,
          33.876462
        ]
      },
      "id": "node/1866528860"
    },
    {
      "type": "Feature",
      "properties": {
        "@id": "node/1866573061",
        "light_rail": "yes",
        "name": "Willowbrook/Rosa Parks",
        "network": "LACMTA",
        "operator": "Los Angeles County Metropolitan Transportation Authority",
        "public_transport": "stop_position",
        "railway": "stop"
      },
      "geometry": {
        "type": "Point",
        "coordinates": [
          -118.2374464,
          33.9276978
        ]
      },
      "id": "node/1866573061"
    },
    {
      "type": "Feature",
      "properties": {
        "@id": "node/1866573068",
        "light_rail": "yes",
        "name": "Firestone",
        "network": "LACMTA",
        "operator": "Los Angeles County Metropolitan Transportation Authority",
        "public_transport": "stop_position",
        "railway": "stop"
      },
      "geometry": {
        "type": "Point",
        "coordinates": [
          -118.2432635,
          33.9592579
        ]
      },
      "id": "node/1866573068"
    },
    {
      "type": "Feature",
      "properties": {
        "@id": "node/1866573078",
        "light_rail": "yes",
        "name": "103rd Street/Watts Towers",
        "network": "LACMTA",
        "operator": "Los Angeles County Metropolitan Transportation Authority",
        "public_transport": "stop_position",
        "railway": "stop"
      },
      "geometry": {
        "type": "Point",
        "coordinates": [
          -118.2431307,
          33.9426424
        ]
      },
      "id": "node/1866573078"
    },
    {
      "type": "Feature",
      "properties": {
        "@id": "node/1866573102",
        "light_rail": "yes",
        "name": "103rd Street/Watts Towers",
        "network": "LACMTA",
        "operator": "Los Angeles County Metropolitan Transportation Authority",
        "public_transport": "stop_position",
        "railway": "stop"
      },
      "geometry": {
        "type": "Point",
        "coordinates": [
          -118.2432099,
          33.941872
        ]
      },
      "id": "node/1866573102"
    },
    {
      "type": "Feature",
      "properties": {
        "@id": "node/1866577830",
        "light_rail": "yes",
        "name": "San Pedro Street",
        "network": "LACMTA",
        "operator": "Los Angeles County Metropolitan Transportation Authority",
        "public_transport": "station",
        "railway": "station",
        "station": "light_rail",
        "wikidata": "Q2843190"
      },
      "geometry": {
        "type": "Point",
        "coordinates": [
          -118.2559563,
          34.0270236
        ]
      },
      "id": "node/1866577830"
    },
    {
      "type": "Feature",
      "properties": {
        "@id": "node/1866577837",
        "alt_name": "Grand/Los Angeles Trade-Technical College",
        "light_rail": "yes",
        "name": "Grand/LATTC",
        "network": "LACMTA",
        "operator": "Los Angeles County Metropolitan Transportation Authority",
        "public_transport": "station",
        "railway": "station",
        "station": "light_rail",
        "wikidata": "Q5594219"
      },
      "geometry": {
        "type": "Point",
        "coordinates": [
          -118.2692364,
          34.0331172
        ]
      },
      "id": "node/1866577837"
    },
    {
      "type": "Feature",
      "properties": {
        "@id": "node/1866577841",
        "light_rail": "yes",
        "name": "San Pedro Street",
        "network": "LACMTA",
        "operator": "Los Angeles County Metropolitan Transportation Authority",
        "public_transport": "stop_position",
        "railway": "stop"
      },
      "geometry": {
        "type": "Point",
        "coordinates": [
          -118.2551528,
          34.0266109
        ]
      },
      "id": "node/1866577841"
    },
    {
      "type": "Feature",
      "properties": {
        "@id": "node/1866577865",
        "light_rail": "yes",
        "name": "Grand/LATTC",
        "network": "LACMTA",
        "operator": "Los Angeles County Metropolitan Transportation Authority",
        "public_transport": "stop_position",
        "railway": "stop"
      },
      "geometry": {
        "type": "Point",
        "coordinates": [
          -118.2688639,
          34.0329161
        ]
      },
      "id": "node/1866577865"
    },
    {
      "type": "Feature",
      "properties": {
        "@id": "node/1866577871",
        "light_rail": "yes",
        "name": "Washington",
        "network": "LACMTA",
        "operator": "Los Angeles County Metropolitan Transportation Authority",
        "public_transport": "stop_position",
        "railway": "stop"
      },
      "geometry": {
        "type": "Point",
        "coordinates": [
          -118.2431242,
          34.0192806
        ]
      },
      "id": "node/1866577871"
    },
    {
      "type": "Feature",
      "properties": {
        "@id": "node/1872080585",
        "light_rail": "yes",
        "name": "Vernon",
        "network": "LACMTA",
        "operator": "Los Angeles County Metropolitan Transportation Authority",
        "public_transport": "stop_position",
        "railway": "stop"
      },
      "geometry": {
        "type": "Point",
        "coordinates": [
          -118.2432712,
          34.0032762
        ]
      },
      "id": "node/1872080585"
    },
    {
      "type": "Feature",
      "properties": {
        "@id": "node/1872080599",
        "light_rail": "yes",
        "name": "Vernon",
        "network": "LACMTA",
        "operator": "Los Angeles County Metropolitan Transportation Authority",
        "public_transport": "stop_position",
        "railway": "stop"
      },
      "geometry": {
        "type": "Point",
        "coordinates": [
          -118.2433465,
          34.0026542
        ]
      },
      "id": "node/1872080599"
    },
    {
      "type": "Feature",
      "properties": {
        "@id": "node/1873056050",
        "light_rail": "yes",
        "name": "Grand/LATTC",
        "network": "LACMTA",
        "operator": "Los Angeles County Metropolitan Transportation Authority",
        "public_transport": "stop_position",
        "railway": "stop"
      },
      "geometry": {
        "type": "Point",
        "coordinates": [
          -118.2696389,
          34.0333381
        ]
      },
      "id": "node/1873056050"
    },
    {
      "type": "Feature",
      "properties": {
        "@id": "node/1883302935",
        "access": "permissive",
        "public_transport": "stop_position",
        "railway": "stop",
        "source": "bing_imagery",
        "train": "yes"
      },
      "geometry": {
        "type": "Point",
        "coordinates": [
          -117.8349464,
          33.6722879
        ]
      },
      "id": "node/1883302935"
    },
    {
      "type": "Feature",
      "properties": {
        "@id": "node/1928045599",
        "network": "The Grove Trolley",
        "public_transport": "stop_position",
        "railway": "tram_stop",
        "tram": "yes"
      },
      "geometry": {
        "type": "Point",
        "coordinates": [
          -118.35685,
          34.0719976
        ]
      },
      "id": "node/1928045599"
    },
    {
      "type": "Feature",
      "properties": {
        "@id": "node/1934005648",
        "alt_name": "Transit Mall",
        "light_rail": "yes",
        "name": "Downtown Long Beach",
        "network": "LACMTA",
        "operator": "Los Angeles County Metropolitan Transportation Authority",
        "public_transport": "stop_position",
        "railway": "stop"
      },
      "geometry": {
        "type": "Point",
        "coordinates": [
          -118.1933774,
          33.7680096
        ]
      },
      "id": "node/1934005648"
    },
    {
      "type": "Feature",
      "properties": {
        "@id": "node/1982618091",
        "light_rail": "yes",
        "name": "Downtown Santa Monica",
        "network": "LACMTA",
        "operator": "Los Angeles County Metropolitan Transportation Authority",
        "public_transport": "station",
        "railway": "station",
        "station": "light_rail",
        "wheelchair": "yes",
        "wikidata": "Q5148685"
      },
      "geometry": {
        "type": "Point",
        "coordinates": [
          -118.4916499,
          34.0136604
        ]
      },
      "id": "node/1982618091"
    },
    {
      "type": "Feature",
      "properties": {
        "@id": "node/1995747050",
        "light_rail": "yes",
        "name": "Chinatown",
        "network": "LACMTA",
        "operator": "Los Angeles County Metropolitan Transportation Authority",
        "public_transport": "stop_position",
        "railway": "stop"
      },
      "geometry": {
        "type": "Point",
        "coordinates": [
          -118.2356676,
          34.0642697
        ]
      },
      "id": "node/1995747050"
    },
    {
      "type": "Feature",
      "properties": {
        "@id": "node/1996058849",
        "light_rail": "yes",
        "name": "South Pasadena",
        "network": "LACMTA",
        "operator": "Los Angeles County Metropolitan Transportation Authority",
        "public_transport": "stop_position",
        "railway": "stop"
      },
      "geometry": {
        "type": "Point",
        "coordinates": [
          -118.157659,
          34.1153684
        ]
      },
      "id": "node/1996058849"
    },
    {
      "type": "Feature",
      "properties": {
        "@id": "node/2044652450",
        "light_rail": "yes",
        "name": "Lakewood Boulevard",
        "network": "LACMTA",
        "operator": "Los Angeles County Metropolitan Transportation Authority",
        "public_transport": "stop_position",
        "railway": "stop",
        "station": "light_rail"
      },
      "geometry": {
        "type": "Point",
        "coordinates": [
          -118.1401022,
          33.9130423
        ]
      },
      "id": "node/2044652450"
    },
    {
      "type": "Feature",
      "properties": {
        "@id": "node/2080491232",
        "name": "Calico Station",
        "public_transport": "stop_position",
        "railway": "stop",
        "train": "yes"
      },
      "geometry": {
        "type": "Point",
        "coordinates": [
          -118.0003361,
          33.8445666
        ]
      },
      "id": "node/2080491232"
    },
    {
      "type": "Feature",
      "properties": {
        "@id": "node/2081539689",
        "light_rail": "yes",
        "name": "Indiana",
        "network": "LACMTA",
        "operator": "Los Angeles County Metropolitan Transportation Authority",
        "public_transport": "stop_position",
        "railway": "stop"
      },
      "geometry": {
        "type": "Point",
        "coordinates": [
          -118.1921421,
          34.034622
        ]
      },
      "id": "node/2081539689"
    },
    {
      "type": "Feature",
      "properties": {
        "@id": "node/2081539733",
        "light_rail": "yes",
        "name": "Soto",
        "network": "LACMTA",
        "operator": "Los Angeles County Metropolitan Transportation Authority",
        "public_transport": "stop_position",
        "railway": "stop"
      },
      "geometry": {
        "type": "Point",
        "coordinates": [
          -118.210588,
          34.0440848
        ]
      },
      "id": "node/2081539733"
    },
    {
      "type": "Feature",
      "properties": {
        "@id": "node/2081539740",
        "light_rail": "yes",
        "name": "East LA Civic Center",
        "network": "LACMTA",
        "operator": "Los Angeles County Metropolitan Transportation Authority",
        "public_transport": "stop_position",
        "railway": "stop"
      },
      "geometry": {
        "type": "Point",
        "coordinates": [
          -118.161642,
          34.0333951
        ]
      },
      "id": "node/2081539740"
    },
    {
      "type": "Feature",
      "properties": {
        "@id": "node/2081539785",
        "light_rail": "yes",
        "name": "Pico/Aliso",
        "network": "LACMTA",
        "operator": "Los Angeles County Metropolitan Transportation Authority",
        "public_transport": "stop_position",
        "railway": "stop"
      },
      "geometry": {
        "type": "Point",
        "coordinates": [
          -118.226483,
          34.0477136
        ]
      },
      "id": "node/2081539785"
    },
    {
      "type": "Feature",
      "properties": {
        "@id": "node/2081539794",
        "light_rail": "yes",
        "name": "Mariachi Plaza",
        "network": "LACMTA",
        "operator": "Los Angeles County Metropolitan Transportation Authority",
        "public_transport": "stop_position",
        "railway": "stop"
      },
      "geometry": {
        "type": "Point",
        "coordinates": [
          -118.219878,
          34.0472646
        ]
      },
      "id": "node/2081539794"
    },
    {
      "type": "Feature",
      "properties": {
        "@id": "node/2081539820",
        "light_rail": "yes",
        "name": "Atlantic",
        "network": "LACMTA",
        "operator": "Los Angeles County Metropolitan Transportation Authority",
        "public_transport": "stop_position",
        "railway": "stop"
      },
      "geometry": {
        "type": "Point",
        "coordinates": [
          -118.154037,
          34.0333625
        ]
      },
      "id": "node/2081539820"
    },
    {
      "type": "Feature",
      "properties": {
        "@id": "node/2111825503",
        "amenity": "ferry_terminal",
        "barrier": "gate",
        "ferry": "yes",
        "name": "Rafts to Tom Sawyer Island",
        "public_transport": "station"
      },
      "geometry": {
        "type": "Point",
        "coordinates": [
          -117.921319,
          33.8119554
        ]
      },
      "id": "node/2111825503"
    },
    {
      "type": "Feature",
      "properties": {
        "@id": "node/2118852163",
        "alt_name": "Disneyland Monorail",
        "attraction": "train",
        "historic": "monument",
        "layer": "1",
        "name": "Tomorrowland Monorail Station",
        "note": "The final departing monorail leaves at exactly park closing. Please be at station before closing to board final monorail for a one-way trip to Downtown Disney Station.",
        "note:historic": "First Daily operating monorail-type rail system to open in the entire Western Hemisphere",
        "public_transport": "station",
        "railway": "station",
        "tourism": "attraction",
        "website": "https://disneyland.disney.go.com/attractions/disneyland/disneyland-monorail/",
        "wikidata": "Q3030502"
      },
      "geometry": {
        "type": "Point",
        "coordinates": [
          -117.9166746,
          33.8128226
        ]
      },
      "id": "node/2118852163"
    },
    {
      "type": "Feature",
      "properties": {
        "@id": "node/2166757201",
        "name": "Fullerton",
        "network": "Amtrak;Metrolink",
        "public_transport": "stop_position",
        "railway": "stop",
        "railway:position": "mi:165.1",
        "railway:ref": "FUL",
        "train": "yes"
      },
      "geometry": {
        "type": "Point",
        "coordinates": [
          -117.9237765,
          33.8686236
        ]
      },
      "id": "node/2166757201"
    },
    {
      "type": "Feature",
      "properties": {
        "@id": "node/2191849711",
        "light_rail": "yes",
        "name": "Lynwood",
        "network": "LACMTA",
        "operator": "Los Angeles County Metropolitan Transportation Authority",
        "public_transport": "stop_position",
        "railway": "stop"
      },
      "geometry": {
        "type": "Point",
        "coordinates": [
          -118.2103454,
          33.925114
        ]
      },
      "id": "node/2191849711"
    },
    {
      "type": "Feature",
      "properties": {
        "@id": "node/2191859954",
        "light_rail": "yes",
        "name": "Pacific Avenue",
        "network": "LACMTA",
        "operator": "Los Angeles County Metropolitan Transportation Authority",
        "public_transport": "station",
        "railway": "station",
        "station": "light_rail",
        "wheelchair": "yes",
        "wikidata": "Q196297",
        "wikipedia": "en:Pacific Avenue station"
      },
      "geometry": {
        "type": "Point",
        "coordinates": [
          -118.1937561,
          33.7723341
        ]
      },
      "id": "node/2191859954"
    },
    {
      "type": "Feature",
      "properties": {
        "@id": "node/2193435036",
        "light_rail": "yes",
        "name": "Jefferson/USC",
        "network": "LACMTA",
        "operator": "Los Angeles County Metropolitan Transportation Authority",
        "public_transport": "station",
        "railway": "station",
        "station": "light_rail",
        "wikidata": "Q196555"
      },
      "geometry": {
        "type": "Point",
        "coordinates": [
          -118.2781224,
          34.02213
        ]
      },
      "id": "node/2193435036"
    },
    {
      "type": "Feature",
      "properties": {
        "@id": "node/2193435039",
        "alt_name": "23rd Street",
        "light_rail": "yes",
        "name": "LATTC/Ortho Institute",
        "network": "LACMTA",
        "operator": "Los Angeles County Metropolitan Transportation Authority",
        "public_transport": "station",
        "railway": "station",
        "station": "light_rail",
        "wikidata": "Q196320"
      },
      "geometry": {
        "type": "Point",
        "coordinates": [
          -118.2735701,
          34.0291645
        ]
      },
      "id": "node/2193435039"
    },
    {
      "type": "Feature",
      "properties": {
        "@id": "node/2193435054",
        "light_rail": "yes",
        "name": "Expo Park/USC",
        "network": "LACMTA",
        "operator": "Los Angeles County Metropolitan Transportation Authority",
        "public_transport": "station",
        "railway": "station",
        "station": "light_rail",
        "wikidata": "Q1953496",
        "wikipedia": "en:Expo Park/USC station"
      },
      "geometry": {
        "type": "Point",
        "coordinates": [
          -118.2856994,
          34.0182377
        ]
      },
      "id": "node/2193435054"
    },
    {
      "type": "Feature",
      "properties": {
        "@id": "node/2193439973",
        "light_rail": "yes",
        "name": "Expo/Vermont",
        "network": "LACMTA",
        "operator": "Los Angeles County Metropolitan Transportation Authority",
        "public_transport": "stop_position",
        "railway": "stop"
      },
      "geometry": {
        "type": "Point",
        "coordinates": [
          -118.290413,
          34.0182262
        ]
      },
      "id": "node/2193439973"
    },
    {
      "type": "Feature",
      "properties": {
        "@id": "node/2193439976",
        "light_rail": "yes",
        "name": "Expo/Vermont",
        "network": "LACMTA",
        "operator": "Los Angeles County Metropolitan Transportation Authority",
        "public_transport": "stop_position",
        "railway": "stop"
      },
      "geometry": {
        "type": "Point",
        "coordinates": [
          -118.2929371,
          34.0182851
        ]
      },
      "id": "node/2193439976"
    },
    {
      "type": "Feature",
      "properties": {
        "@id": "node/2193439978",
        "light_rail": "yes",
        "name": "Expo/Western",
        "network": "LACMTA",
        "operator": "Los Angeles County Metropolitan Transportation Authority",
        "public_transport": "stop_position",
        "railway": "stop"
      },
      "geometry": {
        "type": "Point",
        "coordinates": [
          -118.307462,
          34.0182998
        ]
      },
      "id": "node/2193439978"
    },
    {
      "type": "Feature",
      "properties": {
        "@id": "node/2193439983",
        "light_rail": "yes",
        "name": "Expo/Western",
        "network": "LACMTA",
        "operator": "Los Angeles County Metropolitan Transportation Authority",
        "public_transport": "stop_position",
        "railway": "stop"
      },
      "geometry": {
        "type": "Point",
        "coordinates": [
          -118.3103697,
          34.018379
        ]
      },
      "id": "node/2193439983"
    },
    {
      "type": "Feature",
      "properties": {
        "@id": "node/2193446233",
        "light_rail": "yes",
        "name": "Expo/Crenshaw",
        "network": "LACMTA",
        "operator": "Los Angeles County Metropolitan Transportation Authority",
        "public_transport": "stop_position",
        "railway": "stop"
      },
      "geometry": {
        "type": "Point",
        "coordinates": [
          -118.3342658,
          34.0224056
        ]
      },
      "id": "node/2193446233"
    },
    {
      "type": "Feature",
      "properties": {
        "@id": "node/2193446235",
        "light_rail": "yes",
        "name": "Farmdale",
        "network": "LACMTA",
        "operator": "Los Angeles County Metropolitan Transportation Authority",
        "public_transport": "stop_position",
        "railway": "stop"
      },
      "geometry": {
        "type": "Point",
        "coordinates": [
          -118.3457877,
          34.023949
        ]
      },
      "id": "node/2193446235"
    },
    {
      "type": "Feature",
      "properties": {
        "@id": "node/2193446255",
        "light_rail": "yes",
        "name": "Farmdale",
        "network": "LACMTA",
        "operator": "Los Angeles County Metropolitan Transportation Authority",
        "public_transport": "stop_position",
        "railway": "stop"
      },
      "geometry": {
        "type": "Point",
        "coordinates": [
          -118.3463655,
          34.0239624
        ]
      },
      "id": "node/2193446255"
    },
    {
      "type": "Feature",
      "properties": {
        "@id": "node/2193446260",
        "light_rail": "yes",
        "name": "Expo/Crenshaw",
        "network": "LACMTA",
        "operator": "Los Angeles County Metropolitan Transportation Authority",
        "public_transport": "stop_position",
        "railway": "stop"
      },
      "geometry": {
        "type": "Point",
        "coordinates": [
          -118.3359094,
          34.0226557
        ]
      },
      "id": "node/2193446260"
    },
    {
      "type": "Feature",
      "properties": {
        "@id": "node/2193456387",
        "light_rail": "yes",
        "name": "Expo/La Brea",
        "network": "LACMTA",
        "operator": "Los Angeles County Metropolitan Transportation Authority",
        "public_transport": "stop_position",
        "railway": "stop"
      },
      "geometry": {
        "type": "Point",
        "coordinates": [
          -118.3547508,
          34.0247278
        ]
      },
      "id": "node/2193456387"
    },
    {
      "type": "Feature",
      "properties": {
        "@id": "node/2193456402",
        "light_rail": "yes",
        "name": "Culver City",
        "network": "LACMTA",
        "operator": "Los Angeles County Metropolitan Transportation Authority",
        "public_transport": "stop_position",
        "railway": "stop"
      },
      "geometry": {
        "type": "Point",
        "coordinates": [
          -118.3884633,
          34.0278005
        ]
      },
      "id": "node/2193456402"
    },
    {
      "type": "Feature",
      "properties": {
        "@id": "node/2193474749",
        "light_rail": "yes",
        "name": "Redondo Beach",
        "network": "LACMTA",
        "operator": "Los Angeles County Metropolitan Transportation Authority",
        "public_transport": "stop_position",
        "railway": "stop"
      },
      "geometry": {
        "type": "Point",
        "coordinates": [
          -118.3689379,
          33.8943904
        ]
      },
      "id": "node/2193474749"
    },
    {
      "type": "Feature",
      "properties": {
        "@id": "node/2193474751",
        "light_rail": "yes",
        "name": "Douglas",
        "network": "LACMTA",
        "operator": "Los Angeles County Metropolitan Transportation Authority",
        "public_transport": "stop_position",
        "railway": "stop"
      },
      "geometry": {
        "type": "Point",
        "coordinates": [
          -118.3828731,
          33.9050342
        ]
      },
      "id": "node/2193474751"
    },
    {
      "type": "Feature",
      "properties": {
        "@id": "node/2193485841",
        "light_rail": "yes",
        "name": "El Segundo",
        "network": "LACMTA",
        "operator": "Los Angeles County Metropolitan Transportation Authority",
        "public_transport": "stop_position",
        "railway": "stop"
      },
      "geometry": {
        "type": "Point",
        "coordinates": [
          -118.3864708,
          33.9159138
        ]
      },
      "id": "node/2193485841"
    },
    {
      "type": "Feature",
      "properties": {
        "@id": "node/2193542538",
        "light_rail": "yes",
        "name": "Harbor Freeway",
        "network": "LACMTA",
        "public_transport": "stop_position",
        "railway": "stop"
      },
      "geometry": {
        "type": "Point",
        "coordinates": [
          -118.2806697,
          33.928633
        ]
      },
      "id": "node/2193542538"
    },
    {
      "type": "Feature",
      "properties": {
        "@id": "node/2193609811",
        "light_rail": "yes",
        "name": "Norwalk",
        "network": "LACMTA",
        "operator": "Los Angeles County Metropolitan Transportation Authority",
        "public_transport": "stop_position",
        "railway": "stop"
      },
      "geometry": {
        "type": "Point",
        "coordinates": [
          -118.1044662,
          33.9140284
        ]
      },
      "id": "node/2193609811"
    },
    {
      "type": "Feature",
      "properties": {
        "@id": "node/2193672834",
        "light_rail": "yes",
        "name": "Willowbrook/Rosa Parks",
        "network": "LACMTA",
        "operator": "Los Angeles County Metropolitan Transportation Authority",
        "public_transport": "stop_position",
        "railway": "stop"
      },
      "geometry": {
        "type": "Point",
        "coordinates": [
          -118.2393658,
          33.9283948
        ]
      },
      "id": "node/2193672834"
    },
    {
      "type": "Feature",
      "properties": {
        "@id": "node/2193672895",
        "light_rail": "yes",
        "name": "Willowbrook/Rosa Parks",
        "network": "LACMTA",
        "operator": "Los Angeles County Metropolitan Transportation Authority",
        "public_transport": "stop_position",
        "railway": "stop"
      },
      "geometry": {
        "type": "Point",
        "coordinates": [
          -118.2377243,
          33.9281929
        ]
      },
      "id": "node/2193672895"
    },
    {
      "type": "Feature",
      "properties": {
        "@id": "node/2199109272",
        "light_rail": "yes",
        "name": "1st Street",
        "network": "LACMTA",
        "operator": "Los Angeles County Metropolitan Transportation Authority",
        "public_transport": "stop_position",
        "railway": "stop"
      },
      "geometry": {
        "type": "Point",
        "coordinates": [
          -118.189374,
          33.7684496
        ]
      },
      "id": "node/2199109272"
    },
    {
      "type": "Feature",
      "properties": {
        "@id": "node/2199119185",
        "light_rail": "yes",
        "name": "Pacific Coast Highway",
        "network": "LACMTA",
        "operator": "Los Angeles County Metropolitan Transportation Authority",
        "public_transport": "station",
        "railway": "station",
        "station": "light_rail",
        "wikidata": "Q7122368"
      },
      "geometry": {
        "type": "Point",
        "coordinates": [
          -118.1893842,
          33.7894805
        ]
      },
      "id": "node/2199119185"
    },
    {
      "type": "Feature",
      "properties": {
        "@id": "node/2199120096",
        "light_rail": "yes",
        "name": "Anaheim Street",
        "network": "LACMTA",
        "operator": "Los Angeles County Metropolitan Transportation Authority",
        "public_transport": "station",
        "railway": "station",
        "station": "light_rail",
        "wheelchair": "yes",
        "wikidata": "Q196250"
      },
      "geometry": {
        "type": "Point",
        "coordinates": [
          -118.1893846,
          33.7819667
        ]
      },
      "id": "node/2199120096"
    },
    {
      "type": "Feature",
      "properties": {
        "@id": "node/2199125063",
        "light_rail": "yes",
        "name": "Willow Street",
        "network": "LACMTA",
        "operator": "Los Angeles County Metropolitan Transportation Authority",
        "public_transport": "station",
        "railway": "station",
        "station": "light_rail",
        "wikidata": "Q8022258"
      },
      "geometry": {
        "type": "Point",
        "coordinates": [
          -118.1896702,
          33.8066989
        ]
      },
      "id": "node/2199125063"
    },
    {
      "type": "Feature",
      "properties": {
        "@id": "node/2199126673",
        "light_rail": "yes",
        "name": "Wardlow",
        "network": "LACMTA",
        "operator": "Los Angeles County Metropolitan Transportation Authority",
        "public_transport": "station",
        "railway": "station",
        "station": "light_rail",
        "wikidata": "Q7969186"
      },
      "geometry": {
        "type": "Point",
        "coordinates": [
          -118.1960776,
          33.8198514
        ]
      },
      "id": "node/2199126673"
    },
    {
      "type": "Feature",
      "properties": {
        "@id": "node/2199130070",
        "light_rail": "yes",
        "name": "Del Amo",
        "network": "LACMTA",
        "operator": "Los Angeles County Metropolitan Transportation Authority",
        "public_transport": "station",
        "railway": "station",
        "station": "light_rail",
        "wikidata": "Q5252858"
      },
      "geometry": {
        "type": "Point",
        "coordinates": [
          -118.2108753,
          33.8478836
        ]
      },
      "id": "node/2199130070"
    },
    {
      "type": "Feature",
      "properties": {
        "@id": "node/2199131544",
        "light_rail": "yes",
        "name": "Artesia",
        "network": "LACMTA",
        "operator": "Los Angeles County Metropolitan Transportation Authority",
        "public_transport": "station",
        "railway": "station",
        "station": "light_rail",
        "wikidata": "Q4797569"
      },
      "geometry": {
        "type": "Point",
        "coordinates": [
          -118.2226455,
          33.8764403
        ]
      },
      "id": "node/2199131544"
    },
    {
      "type": "Feature",
      "properties": {
        "@id": "node/2199132880",
        "light_rail": "yes",
        "name": "Compton",
        "network": "LACMTA",
        "operator": "Los Angeles County Metropolitan Transportation Authority",
        "public_transport": "station",
        "railway": "station",
        "station": "light_rail",
        "wikidata": "Q5157140"
      },
      "geometry": {
        "type": "Point",
        "coordinates": [
          -118.2243044,
          33.8979265
        ]
      },
      "id": "node/2199132880"
    },
    {
      "type": "Feature",
      "properties": {
        "@id": "node/2199135465",
        "light_rail": "yes",
        "name": "103rd Street/Watts Towers",
        "network": "LACMTA",
        "operator": "Los Angeles County Metropolitan Transportation Authority",
        "public_transport": "station",
        "railway": "station",
        "station": "light_rail",
        "wikidata": "Q3093720"
      },
      "geometry": {
        "type": "Point",
        "coordinates": [
          -118.243168,
          33.942642
        ]
      },
      "id": "node/2199135465"
    },
    {
      "type": "Feature",
      "properties": {
        "@id": "node/2199138199",
        "light_rail": "yes",
        "name": "Firestone",
        "network": "LACMTA",
        "operator": "Los Angeles County Metropolitan Transportation Authority",
        "public_transport": "station",
        "railway": "station",
        "station": "light_rail",
        "wikidata": "Q5451973"
      },
      "geometry": {
        "type": "Point",
        "coordinates": [
          -118.2432163,
          33.959948
        ]
      },
      "id": "node/2199138199"
    },
    {
      "type": "Feature",
      "properties": {
        "@id": "node/2199138632",
        "light_rail": "yes",
        "name": "Florence",
        "network": "LACMTA",
        "operator": "Los Angeles County Metropolitan Transportation Authority",
        "public_transport": "station",
        "railway": "station",
        "station": "light_rail",
        "wikidata": "Q2839325"
      },
      "geometry": {
        "type": "Point",
        "coordinates": [
          -118.2432856,
          33.9741588
        ]
      },
      "id": "node/2199138632"
    },
    {
      "type": "Feature",
      "properties": {
        "@id": "node/2199139027",
        "light_rail": "yes",
        "name": "Slauson",
        "network": "LACMTA",
        "operator": "Los Angeles County Metropolitan Transportation Authority",
        "public_transport": "station",
        "railway": "station",
        "station": "light_rail",
        "wikidata": "Q7539085"
      },
      "geometry": {
        "type": "Point",
        "coordinates": [
          -118.2434203,
          33.9891467
        ]
      },
      "id": "node/2199139027"
    },
    {
      "type": "Feature",
      "properties": {
        "@id": "node/2199139750",
        "light_rail": "yes",
        "name": "Vernon",
        "network": "LACMTA",
        "operator": "Los Angeles County Metropolitan Transportation Authority",
        "public_transport": "station",
        "railway": "station",
        "station": "light_rail",
        "wikidata": "Q2919448"
      },
      "geometry": {
        "type": "Point",
        "coordinates": [
          -118.2433076,
          34.0033442
        ]
      },
      "id": "node/2199139750"
    },
    {
      "type": "Feature",
      "properties": {
        "@id": "node/2199140368",
        "light_rail": "yes",
        "name": "Washington",
        "network": "LACMTA",
        "operator": "Los Angeles County Metropolitan Transportation Authority",
        "public_transport": "station",
        "railway": "station",
        "station": "light_rail",
        "wikidata": "Q773030"
      },
      "geometry": {
        "type": "Point",
        "coordinates": [
          -118.2430755,
          34.0200544
        ]
      },
      "id": "node/2199140368"
    },
    {
      "type": "Feature",
      "properties": {
        "@id": "node/2199141362",
        "light_rail": "yes",
        "name": "Pico",
        "network": "LACMTA",
        "operator": "Los Angeles County Metropolitan Transportation Authority",
        "public_transport": "station",
        "railway": "station",
        "station": "light_rail",
        "wikidata": "Q4383334"
      },
      "geometry": {
        "type": "Point",
        "coordinates": [
          -118.2661915,
          34.0406717
        ]
      },
      "id": "node/2199141362"
    },
    {
      "type": "Feature",
      "properties": {
        "@id": "node/2203937172",
        "name": "Ontario",
        "network": "Amtrak",
        "public_transport": "stop_position",
        "railway": "stop",
        "railway:ref": "ONA",
        "train": "yes"
      },
      "geometry": {
        "type": "Point",
        "coordinates": [
          -117.648553,
          34.0615145
        ]
      },
      "id": "node/2203937172"
    },
    {
      "type": "Feature",
      "properties": {
        "@id": "node/2204185288",
        "name": "Norwalk/Santa Fe Springs",
        "network": "Metrolink",
        "public_transport": "stop_position",
        "railway": "stop",
        "railway:position": "mi:156.1",
        "train": "yes"
      },
      "geometry": {
        "type": "Point",
        "coordinates": [
          -118.0602214,
          33.9167586
        ]
      },
      "id": "node/2204185288"
    },
    {
      "type": "Feature",
      "properties": {
        "@id": "node/2204185446",
        "name": "Norwalk/Santa Fe Springs",
        "network": "Metrolink",
        "public_transport": "stop_position",
        "railway": "stop",
        "railway:position": "mi:156.1",
        "train": "yes"
      },
      "geometry": {
        "type": "Point",
        "coordinates": [
          -118.0597748,
          33.9156928
        ]
      },
      "id": "node/2204185446"
    },
    {
      "type": "Feature",
      "properties": {
        "@id": "node/2212548917",
        "name": "El Monte",
        "network": "Metrolink",
        "public_transport": "stop_position",
        "railway": "stop",
        "railway:position": "mi:12.6",
        "train": "yes"
      },
      "geometry": {
        "type": "Point",
        "coordinates": [
          -118.0362382,
          34.0772822
        ]
      },
      "id": "node/2212548917"
    },
    {
      "type": "Feature",
      "properties": {
        "@id": "node/2212554980",
        "name": "Glendale",
        "network": "Amtrak;Metrolink",
        "public_transport": "stop_position",
        "railway": "stop",
        "railway:position": "mi:5.8",
        "railway:ref": "GDL",
        "train": "yes"
      },
      "geometry": {
        "type": "Point",
        "coordinates": [
          -118.2602555,
          34.1249319
        ]
      },
      "id": "node/2212554980"
    },
    {
      "type": "Feature",
      "properties": {
        "@id": "node/2268481481",
        "name": "Swinford Street/Cruise Center",
        "public_transport": "stop_position",
        "railway": "stop",
        "tram": "yes"
      },
      "geometry": {
        "type": "Point",
        "coordinates": [
          -118.2800627,
          33.748276
        ]
      },
      "id": "node/2268481481"
    },
    {
      "type": "Feature",
      "properties": {
        "@id": "node/2268618618",
        "name": "22nd Street/Marina",
        "public_transport": "stop_position",
        "railway": "stop",
        "tram": "yes"
      },
      "geometry": {
        "type": "Point",
        "coordinates": [
          -118.2780129,
          33.7266426
        ]
      },
      "id": "node/2268618618"
    },
    {
      "type": "Feature",
      "properties": {
        "@id": "node/2276183299",
        "light_rail": "yes",
        "name": "Artesia",
        "network": "LACMTA",
        "operator": "Los Angeles County Metropolitan Transportation Authority",
        "public_transport": "stop_position",
        "railway": "stop"
      },
      "geometry": {
        "type": "Point",
        "coordinates": [
          -118.222437,
          33.8757413
        ]
      },
      "id": "node/2276183299"
    },
    {
      "type": "Feature",
      "properties": {
        "@id": "node/2276236293",
        "light_rail": "yes",
        "name": "Willowbrook/Rosa Parks",
        "network": "LACMTA",
        "operator": "Los Angeles County Metropolitan Transportation Authority",
        "public_transport": "stop_position",
        "railway": "stop"
      },
      "geometry": {
        "type": "Point",
        "coordinates": [
          -118.237691,
          33.9283913
        ]
      },
      "id": "node/2276236293"
    },
    {
      "type": "Feature",
      "properties": {
        "@id": "node/2278824462",
        "light_rail": "yes",
        "name": "Florence",
        "network": "LACMTA",
        "operator": "Los Angeles County Metropolitan Transportation Authority",
        "public_transport": "stop_position",
        "railway": "stop"
      },
      "geometry": {
        "type": "Point",
        "coordinates": [
          -118.2433172,
          33.9734802
        ]
      },
      "id": "node/2278824462"
    },
    {
      "type": "Feature",
      "properties": {
        "@id": "node/2620811224",
        "light_rail": "yes",
        "name": "Norwalk",
        "network": "LACMTA",
        "operator": "Los Angeles County Metropolitan Transportation Authority",
        "public_transport": "stop_position",
        "railway": "stop"
      },
      "geometry": {
        "type": "Point",
        "coordinates": [
          -118.1043993,
          33.9141223
        ]
      },
      "id": "node/2620811224"
    },
    {
      "type": "Feature",
      "properties": {
        "@id": "node/2757492432",
        "light_rail": "yes",
        "name": "17th Street/SMC",
        "network": "LACMTA",
        "operator": "Los Angeles County Metropolitan Transportation Authority",
        "public_transport": "station",
        "railway": "station",
        "station": "light_rail",
        "wheelchair": "yes",
        "wikidata": "Q5148684"
      },
      "geometry": {
        "type": "Point",
        "coordinates": [
          -118.480379,
          34.0231598
        ]
      },
      "id": "node/2757492432"
    },
    {
      "type": "Feature",
      "properties": {
        "@id": "node/2757576502",
        "internet_access": "no",
        "light_rail": "yes",
        "name": "Duarte/City of Hope",
        "network": "LACMTA",
        "operator": "Los Angeles County Metropolitan Transportation Authority",
        "public_transport": "station",
        "railway": "station",
        "station": "light_rail",
        "wikidata": "Q5310424"
      },
      "geometry": {
        "type": "Point",
        "coordinates": [
          -117.967501,
          34.1325154
        ]
      },
      "id": "node/2757576502"
    },
    {
      "type": "Feature",
      "properties": {
        "@id": "node/2757582953",
        "light_rail": "yes",
        "name": "Azusa Downtown",
        "network": "LACMTA",
        "operator": "Los Angeles County Metropolitan Transportation Authority",
        "public_transport": "station",
        "railway": "station",
        "station": "light_rail",
        "wikidata": "Q4833120"
      },
      "geometry": {
        "type": "Point",
        "coordinates": [
          -117.9067015,
          34.1359172
        ]
      },
      "id": "node/2757582953"
    },
    {
      "type": "Feature",
      "properties": {
        "@id": "node/2819358596",
        "funicular": "yes",
        "name": "Hill Street",
        "public_transport": "stop_position",
        "railway": "halt",
        "station": "funicular",
        "wheelchair": "yes"
      },
      "geometry": {
        "type": "Point",
        "coordinates": [
          -118.249856,
          34.0511135
        ]
      },
      "id": "node/2819358596"
    },
    {
      "type": "Feature",
      "properties": {
        "@id": "node/2995001228",
        "amenity": "bus_station",
        "bus": "yes",
        "name": "Aviation/Imperial Station",
        "public_transport": "station"
      },
      "geometry": {
        "type": "Point",
        "coordinates": [
          -118.376728,
          33.92937
        ]
      },
      "id": "node/2995001228"
    },
    {
      "type": "Feature",
      "properties": {
        "@id": "node/2995049419",
        "light_rail": "yes",
        "name": "Hyde Park",
        "network": "Metro Rail",
        "network:wikidata": "Q1339558",
        "network:wikipedia": "en:Los Angeles Metro Rail",
        "operator": "Los Angeles County Metropolitan Transportation Authority",
        "operator:wikidata": "Q3259702",
        "operator:wikipedia": "en:Los Angeles County Metropolitan Transportation Authority",
        "owner": "Los Angeles County Metropolitan Transportation Authority",
        "owner:wikidata": "Q3259702",
        "owner:wikipedia": "en:Los Angeles County Metropolitan Transportation Authority",
        "public_transport": "stop_position",
        "railway": "stop",
        "wikidata": "Q16974343",
        "wikipedia": "en:Hyde Park station (Los Angeles Metro)"
      },
      "geometry": {
        "type": "Point",
        "coordinates": [
          -118.3308,
          33.9883613
        ]
      },
      "id": "node/2995049419"
    },
    {
      "type": "Feature",
      "properties": {
        "@id": "node/2995090773",
        "light_rail": "yes",
        "name": "Expo/Crenshaw",
        "network": "Metro Rail",
        "network:wikidata": "Q1339558",
        "network:wikipedia": "en:Los Angeles Metro Rail",
        "operator": "Los Angeles County Metropolitan Transportation Authority",
        "operator:wikidata": "Q3259702",
        "operator:wikipedia": "en:Los Angeles County Metropolitan Transportation Authority",
        "owner": "Los Angeles County Metropolitan Transportation Authority",
        "owner:wikidata": "Q3259702",
        "owner:wikipedia": "en:Los Angeles County Metropolitan Transportation Authority",
        "public_transport": "stop_position",
        "railway": "stop",
        "wikidata": "Q1953847",
        "wikipedia": "en:Expo/Crenshaw station"
      },
      "geometry": {
        "type": "Point",
        "coordinates": [
          -118.334805,
          34.0219795
        ]
      },
      "id": "node/2995090773"
    },
    {
      "type": "Feature",
      "properties": {
        "@id": "node/3103417729",
        "amenity": "ferry_terminal",
        "barrier": "gate",
        "ferry": "yes",
        "public_transport": "station"
      },
      "geometry": {
        "type": "Point",
        "coordinates": [
          -117.921562,
          33.8117408
        ]
      },
      "id": "node/3103417729"
    },
    {
      "type": "Feature",
      "properties": {
        "@id": "node/3123918253",
        "addr:city": "Irwindale",
        "addr:housenumber": "16017",
        "addr:postcode": "91702-3221",
        "addr:state": "CA",
        "addr:street": "Avenida Padilla",
        "light_rail": "yes",
        "name": "Irwindale",
        "network": "LACMTA",
        "operator": "Los Angeles County Metropolitan Transportation Authority",
        "public_transport": "station",
        "railway": "station",
        "station": "light_rail",
        "website": "https://metro.net",
        "wheelchair": "yes",
        "wikidata": "Q6075160",
        "wikipedia": "en: Irwindale station"
      },
      "geometry": {
        "type": "Point",
        "coordinates": [
          -117.9333393,
          34.128813
        ]
      },
      "id": "node/3123918253"
    },
    {
      "type": "Feature",
      "properties": {
        "@id": "node/3176155735",
        "light_rail": "yes",
        "name": "APU/Citrus College",
        "network": "LACMTA",
        "operator": "Los Angeles County Metropolitan Transportation Authority",
        "public_transport": "station",
        "railway": "station",
        "station": "light_rail",
        "wikidata": "Q4833119"
      },
      "geometry": {
        "type": "Point",
        "coordinates": [
          -117.8908309,
          34.1371127
        ]
      },
      "id": "node/3176155735"
    },
    {
      "type": "Feature",
      "properties": {
        "@id": "node/3181671981",
        "light_rail": "yes",
        "name": "Expo/Sepulveda",
        "network": "LACMTA",
        "operator": "Los Angeles County Metropolitan Transportation Authority",
        "public_transport": "station",
        "railway": "station",
        "station": "light_rail",
        "wheelchair": "yes",
        "wikidata": "Q5421457"
      },
      "geometry": {
        "type": "Point",
        "coordinates": [
          -118.4341435,
          34.0354335
        ]
      },
      "id": "node/3181671981"
    },
    {
      "type": "Feature",
      "properties": {
        "@id": "node/3181671982",
        "light_rail": "yes",
        "name": "Expo/Bundy",
        "network": "LACMTA",
        "operator": "Los Angeles County Metropolitan Transportation Authority",
        "public_transport": "station",
        "railway": "station",
        "station": "light_rail",
        "wheelchair": "yes",
        "wikidata": "Q5421454"
      },
      "geometry": {
        "type": "Point",
        "coordinates": [
          -118.4531105,
          34.0316631
        ]
      },
      "id": "node/3181671982"
    },
    {
      "type": "Feature",
      "properties": {
        "@id": "node/3238564370",
        "light_rail": "yes",
        "name": "Monrovia",
        "network": "LACMTA",
        "operator": "Los Angeles County Metropolitan Transportation Authority",
        "public_transport": "station",
        "railway": "station",
        "station": "light_rail",
        "wikidata": "Q6902437"
      },
      "geometry": {
        "type": "Point",
        "coordinates": [
          -118.0034453,
          34.1331459
        ]
      },
      "id": "node/3238564370"
    },
    {
      "type": "Feature",
      "properties": {
        "@id": "node/3238581164",
        "name": "Wilshire/La Brea",
        "public_transport": "stop_position",
        "railway": "stop",
        "subway": "yes"
      },
      "geometry": {
        "type": "Point",
        "coordinates": [
          -118.3440037,
          34.0622881
        ]
      },
      "id": "node/3238581164"
    },
    {
      "type": "Feature",
      "properties": {
        "@id": "node/3238581165",
        "name": "Wilshire/Fairfax",
        "public_transport": "stop_position",
        "railway": "stop",
        "subway": "yes"
      },
      "geometry": {
        "type": "Point",
        "coordinates": [
          -118.3611638,
          34.0630243
        ]
      },
      "id": "node/3238581165"
    },
    {
      "type": "Feature",
      "properties": {
        "@id": "node/3238581166",
        "name": "Wilshire/La Cienega",
        "public_transport": "stop_position",
        "railway": "stop",
        "subway": "yes"
      },
      "geometry": {
        "type": "Point",
        "coordinates": [
          -118.3756779,
          34.0651054
        ]
      },
      "id": "node/3238581166"
    },
    {
      "type": "Feature",
      "properties": {
        "@id": "node/3297553268",
        "funicular": "yes",
        "name": "Olive Street",
        "public_transport": "stop_position",
        "railway": "halt",
        "station": "funicular"
      },
      "geometry": {
        "type": "Point",
        "coordinates": [
          -118.250591,
          34.0515859
        ]
      },
      "id": "node/3297553268"
    },
    {
      "type": "Feature",
      "properties": {
        "@id": "node/3299281732",
        "name": "Pershing Square",
        "network": "LACMTA",
        "operator": "Los Angeles County Metropolitan Transportation Authority",
        "public_transport": "stop_position",
        "railway": "stop",
        "subway": "yes"
      },
      "geometry": {
        "type": "Point",
        "coordinates": [
          -118.2504979,
          34.0500815
        ]
      },
      "id": "node/3299281732"
    },
    {
      "type": "Feature",
      "properties": {
        "@id": "node/3299281733",
        "name": "Pershing Square",
        "network": "LACMTA",
        "operator": "Los Angeles County Metropolitan Transportation Authority",
        "public_transport": "stop_position",
        "railway": "stop",
        "subway": "yes"
      },
      "geometry": {
        "type": "Point",
        "coordinates": [
          -118.2515194,
          34.0491768
        ]
      },
      "id": "node/3299281733"
    },
    {
      "type": "Feature",
      "properties": {
        "@id": "node/3335203246",
        "light_rail": "yes",
        "name": "Duarte/City of Hope",
        "network": "LACMTA",
        "operator": "Los Angeles County Metropolitan Transportation Authority",
        "public_transport": "stop_position",
        "railway": "stop"
      },
      "geometry": {
        "type": "Point",
        "coordinates": [
          -117.967238,
          34.1324869
        ]
      },
      "id": "node/3335203246"
    },
    {
      "type": "Feature",
      "properties": {
        "@id": "node/3358709627",
        "light_rail": "yes",
        "name": "Fairview Heights",
        "network": "Metro Rail",
        "network:wikidata": "Q1339558",
        "network:wikipedia": "en:Los Angeles Metro Rail",
        "operator": "Los Angeles County Metropolitan Transportation Authority",
        "operator:wikidata": "Q3259702",
        "operator:wikipedia": "en:Los Angeles County Metropolitan Transportation Authority",
        "owner": "Los Angeles County Metropolitan Transportation Authority",
        "owner:wikidata": "Q3259702",
        "owner:wikipedia": "en:Los Angeles County Metropolitan Transportation Authority",
        "public_transport": "stop_position",
        "railway": "stop",
        "wikidata": "Q16974837",
        "wikipedia": "en:Fairview Heights station (Los Angeles Metro)"
      },
      "geometry": {
        "type": "Point",
        "coordinates": [
          -118.336248,
          33.9751467
        ]
      },
      "id": "node/3358709627"
    },
    {
      "type": "Feature",
      "properties": {
        "@id": "node/3534427676",
        "light_rail": "yes",
        "name": "Westwood/Rancho Park",
        "network": "LACMTA",
        "operator": "Los Angeles County Metropolitan Transportation Authority",
        "public_transport": "stop_position",
        "railway": "stop"
      },
      "geometry": {
        "type": "Point",
        "coordinates": [
          -118.4249965,
          34.0367892
        ]
      },
      "id": "node/3534427676"
    },
    {
      "type": "Feature",
      "properties": {
        "@id": "node/3986974002",
        "amenity": "ferry_terminal",
        "ferry": "yes",
        "name": "Frontierland Landing",
        "public_transport": "station"
      },
      "geometry": {
        "type": "Point",
        "coordinates": [
          -117.9206848,
          33.812257
        ]
      },
      "id": "node/3986974002"
    },
    {
      "type": "Feature",
      "properties": {
        "@id": "node/4127401965",
        "amenity": "bus_station",
        "bus": "yes",
        "name": "Downtown Burbank Station",
        "public_transport": "station",
        "wheelchair": "yes"
      },
      "geometry": {
        "type": "Point",
        "coordinates": [
          -118.312026,
          34.1780468
        ]
      },
      "id": "node/4127401965"
    },
    {
      "type": "Feature",
      "properties": {
        "@id": "node/4183858169",
        "amenity": "bus_station",
        "bus": "yes",
        "public_transport": "station",
        "wheelchair": "yes"
      },
      "geometry": {
        "type": "Point",
        "coordinates": [
          -117.998502,
          33.9451854
        ]
      },
      "id": "node/4183858169"
    },
    {
      "type": "Feature",
      "properties": {
        "@id": "node/4223826794",
        "addr:housenumber": "5091",
        "addr:street": "Richton Street",
        "amenity": "bus_station",
        "bus": "yes",
        "name": "Montclair Transit Center",
        "operator": "Foothill Transit, Omnitrans",
        "public_transport": "station",
        "wikidata": "Q6904609"
      },
      "geometry": {
        "type": "Point",
        "coordinates": [
          -117.6961955,
          34.09459
        ]
      },
      "id": "node/4223826794"
    },
    {
      "type": "Feature",
      "properties": {
        "@id": "node/4391233440",
        "alt_name": "Farmers Market",
        "name": "Farmer's Market",
        "network": "The Grove Trolley",
        "public_transport": "stop_position",
        "railway": "tram_stop",
        "tram": "yes"
      },
      "geometry": {
        "type": "Point",
        "coordinates": [
          -118.360021,
          34.0723631
        ]
      },
      "id": "node/4391233440"
    },
    {
      "type": "Feature",
      "properties": {
        "@id": "node/4391233484",
        "network": "The Grove Trolley",
        "public_transport": "stop_position",
        "railway": "tram_stop",
        "tram": "yes"
      },
      "geometry": {
        "type": "Point",
        "coordinates": [
          -118.358417,
          34.0721212
        ]
      },
      "id": "node/4391233484"
    },
    {
      "type": "Feature",
      "properties": {
        "@id": "node/4399693643",
        "light_rail": "yes",
        "name": "Expo Park/USC",
        "network": "LACMTA",
        "operator": "Los Angeles County Metropolitan Transportation Authority",
        "public_transport": "stop_position",
        "railway": "stop"
      },
      "geometry": {
        "type": "Point",
        "coordinates": [
          -118.2857002,
          34.018218
        ]
      },
      "id": "node/4399693643"
    },
    {
      "type": "Feature",
      "properties": {
        "@id": "node/4399693644",
        "light_rail": "yes",
        "name": "Expo Park/USC",
        "network": "LACMTA",
        "operator": "Los Angeles County Metropolitan Transportation Authority",
        "public_transport": "stop_position",
        "railway": "stop"
      },
      "geometry": {
        "type": "Point",
        "coordinates": [
          -118.2857016,
          34.0182548
        ]
      },
      "id": "node/4399693644"
    },
    {
      "type": "Feature",
      "properties": {
        "@id": "node/4400281315",
        "light_rail": "yes",
        "name": "Culver City",
        "network": "LACMTA",
        "operator": "Los Angeles County Metropolitan Transportation Authority",
        "public_transport": "stop_position",
        "railway": "stop"
      },
      "geometry": {
        "type": "Point",
        "coordinates": [
          -118.3893175,
          34.0279655
        ]
      },
      "id": "node/4400281315"
    },
    {
      "type": "Feature",
      "properties": {
        "@id": "node/4400281316",
        "light_rail": "yes",
        "name": "Downtown Santa Monica",
        "network": "LACMTA",
        "operator": "Los Angeles County Metropolitan Transportation Authority",
        "public_transport": "stop_position",
        "railway": "stop"
      },
      "geometry": {
        "type": "Point",
        "coordinates": [
          -118.4915776,
          34.0137485
        ]
      },
      "id": "node/4400281316"
    },
    {
      "type": "Feature",
      "properties": {
        "@id": "node/4400281317",
        "light_rail": "yes",
        "name": "Downtown Santa Monica",
        "network": "LACMTA",
        "operator": "Los Angeles County Metropolitan Transportation Authority",
        "public_transport": "stop_position",
        "railway": "stop"
      },
      "geometry": {
        "type": "Point",
        "coordinates": [
          -118.4916504,
          34.0137844
        ]
      },
      "id": "node/4400281317"
    },
    {
      "type": "Feature",
      "properties": {
        "@id": "node/4400281318",
        "light_rail": "yes",
        "name": "Expo/Bundy",
        "network": "LACMTA",
        "operator": "Los Angeles County Metropolitan Transportation Authority",
        "public_transport": "stop_position",
        "railway": "stop"
      },
      "geometry": {
        "type": "Point",
        "coordinates": [
          -118.4524981,
          34.0317407
        ]
      },
      "id": "node/4400281318"
    },
    {
      "type": "Feature",
      "properties": {
        "@id": "node/4400281319",
        "light_rail": "yes",
        "name": "Expo/Bundy",
        "network": "LACMTA",
        "operator": "Los Angeles County Metropolitan Transportation Authority",
        "public_transport": "stop_position",
        "railway": "stop"
      },
      "geometry": {
        "type": "Point",
        "coordinates": [
          -118.4533549,
          34.0316647
        ]
      },
      "id": "node/4400281319"
    },
    {
      "type": "Feature",
      "properties": {
        "@id": "node/4400281320",
        "light_rail": "yes",
        "name": "Expo/Western",
        "network": "LACMTA",
        "operator": "Los Angeles County Metropolitan Transportation Authority",
        "public_transport": "station",
        "railway": "station",
        "station": "light_rail",
        "wikidata": "Q1953506"
      },
      "geometry": {
        "type": "Point",
        "coordinates": [
          -118.3087112,
          34.0182911
        ]
      },
      "id": "node/4400281320"
    },
    {
      "type": "Feature",
      "properties": {
        "@id": "node/4400281321",
        "addr:city": "Los Angeles",
        "addr:housenumber": "3630",
        "addr:postcode": "90016",
        "addr:state": "CA",
        "addr:street": "South Crenshaw Boulevard",
        "light_rail": "yes",
        "name": "Expo/Crenshaw",
        "network": "Metro Rail",
        "network:wikidata": "Q1339558",
        "network:wikipedia": "en:Los Angeles Metro Rail",
        "operator": "Los Angeles County Metropolitan Transportation Authority",
        "operator:wikidata": "Q3259702",
        "operator:wikipedia": "en:Los Angeles County Metropolitan Transportation Authority",
        "owner": "Los Angeles County Metropolitan Transportation Authority",
        "owner:wikidata": "Q3259702",
        "owner:wikipedia": "en:Los Angeles County Metropolitan Transportation Authority",
        "public_transport": "station",
        "railway": "station",
        "station": "light_rail",
        "wikidata": "Q1953847",
        "wikipedia": "en:Expo/Crenshaw station"
      },
      "geometry": {
        "type": "Point",
        "coordinates": [
          -118.33485,
          34.0219818
        ]
      },
      "id": "node/4400281321"
    },
    {
      "type": "Feature",
      "properties": {
        "@id": "node/4400281322",
        "light_rail": "yes",
        "name": "Expo/La Brea",
        "network": "LACMTA",
        "operator": "Los Angeles County Metropolitan Transportation Authority",
        "public_transport": "stop_position",
        "railway": "stop"
      },
      "geometry": {
        "type": "Point",
        "coordinates": [
          -118.355562,
          34.024895
        ]
      },
      "id": "node/4400281322"
    },
    {
      "type": "Feature",
      "properties": {
        "@id": "node/4400281323",
        "light_rail": "yes",
        "name": "Expo/Sepulveda",
        "network": "LACMTA",
        "operator": "Los Angeles County Metropolitan Transportation Authority",
        "public_transport": "stop_position",
        "railway": "stop"
      },
      "geometry": {
        "type": "Point",
        "coordinates": [
          -118.4338164,
          34.0354277
        ]
      },
      "id": "node/4400281323"
    },
    {
      "type": "Feature",
      "properties": {
        "@id": "node/4400281324",
        "light_rail": "yes",
        "name": "Expo/Sepulveda",
        "network": "LACMTA",
        "operator": "Los Angeles County Metropolitan Transportation Authority",
        "public_transport": "stop_position",
        "railway": "stop"
      },
      "geometry": {
        "type": "Point",
        "coordinates": [
          -118.4346668,
          34.0354028
        ]
      },
      "id": "node/4400281324"
    },
    {
      "type": "Feature",
      "properties": {
        "@id": "node/4400281325",
        "light_rail": "yes",
        "name": "Expo/Vermont",
        "network": "LACMTA",
        "operator": "Los Angeles County Metropolitan Transportation Authority",
        "public_transport": "station",
        "railway": "station",
        "station": "light_rail",
        "wikidata": "Q5421462",
        "wikipedia": "en:Expo/Vermont station"
      },
      "geometry": {
        "type": "Point",
        "coordinates": [
          -118.2917403,
          34.01825
        ]
      },
      "id": "node/4400281325"
    },
    {
      "type": "Feature",
      "properties": {
        "@id": "node/4400281326",
        "light_rail": "yes",
        "name": "Farmdale",
        "network": "LACMTA",
        "operator": "Los Angeles County Metropolitan Transportation Authority",
        "public_transport": "station",
        "railway": "station",
        "station": "light_rail",
        "wikidata": "Q2092077"
      },
      "geometry": {
        "type": "Point",
        "coordinates": [
          -118.3462035,
          34.0238958
        ]
      },
      "id": "node/4400281326"
    },
    {
      "type": "Feature",
      "properties": {
        "@id": "node/4400281327",
        "light_rail": "yes",
        "name": "Jefferson/USC",
        "network": "LACMTA",
        "operator": "Los Angeles County Metropolitan Transportation Authority",
        "public_transport": "stop_position",
        "railway": "stop"
      },
      "geometry": {
        "type": "Point",
        "coordinates": [
          -118.2783073,
          34.0218624
        ]
      },
      "id": "node/4400281327"
    },
    {
      "type": "Feature",
      "properties": {
        "@id": "node/4400281328",
        "light_rail": "yes",
        "name": "Jefferson/USC",
        "network": "LACMTA",
        "operator": "Los Angeles County Metropolitan Transportation Authority",
        "public_transport": "stop_position",
        "railway": "stop"
      },
      "geometry": {
        "type": "Point",
        "coordinates": [
          -118.2779241,
          34.0224012
        ]
      },
      "id": "node/4400281328"
    },
    {
      "type": "Feature",
      "properties": {
        "@id": "node/4400281329",
        "light_rail": "yes",
        "name": "LATTC/Ortho Institute",
        "network": "LACMTA",
        "operator": "Los Angeles County Metropolitan Transportation Authority",
        "public_transport": "stop_position",
        "railway": "stop"
      },
      "geometry": {
        "type": "Point",
        "coordinates": [
          -118.2733406,
          34.0294501
        ]
      },
      "id": "node/4400281329"
    },
    {
      "type": "Feature",
      "properties": {
        "@id": "node/4400281330",
        "light_rail": "yes",
        "name": "LATTC/Ortho Institute",
        "network": "LACMTA",
        "operator": "Los Angeles County Metropolitan Transportation Authority",
        "public_transport": "stop_position",
        "railway": "stop"
      },
      "geometry": {
        "type": "Point",
        "coordinates": [
          -118.2738257,
          34.0288395
        ]
      },
      "id": "node/4400281330"
    },
    {
      "type": "Feature",
      "properties": {
        "@id": "node/4400281331",
        "light_rail": "yes",
        "name": "La Cienega/Jefferson",
        "network": "LACMTA",
        "operator": "Los Angeles County Metropolitan Transportation Authority",
        "public_transport": "stop_position",
        "railway": "stop"
      },
      "geometry": {
        "type": "Point",
        "coordinates": [
          -118.3716936,
          34.0262827
        ]
      },
      "id": "node/4400281331"
    },
    {
      "type": "Feature",
      "properties": {
        "@id": "node/4400281332",
        "light_rail": "yes",
        "name": "La Cienega/Jefferson",
        "network": "LACMTA",
        "operator": "Los Angeles County Metropolitan Transportation Authority",
        "public_transport": "stop_position",
        "railway": "stop"
      },
      "geometry": {
        "type": "Point",
        "coordinates": [
          -118.3725319,
          34.0264383
        ]
      },
      "id": "node/4400281332"
    },
    {
      "type": "Feature",
      "properties": {
        "@id": "node/4400281333",
        "alt_name": "National/Palms",
        "light_rail": "yes",
        "name": "Palms",
        "network": "LACMTA",
        "operator": "Los Angeles County Metropolitan Transportation Authority",
        "public_transport": "stop_position",
        "railway": "stop"
      },
      "geometry": {
        "type": "Point",
        "coordinates": [
          -118.4038743,
          34.0292412
        ]
      },
      "id": "node/4400281333"
    },
    {
      "type": "Feature",
      "properties": {
        "@id": "node/4400281334",
        "alt_name": "National/Palms",
        "light_rail": "yes",
        "name": "Palms",
        "network": "LACMTA",
        "operator": "Los Angeles County Metropolitan Transportation Authority",
        "public_transport": "stop_position",
        "railway": "stop"
      },
      "geometry": {
        "type": "Point",
        "coordinates": [
          -118.4046957,
          34.0294055
        ]
      },
      "id": "node/4400281334"
    },
    {
      "type": "Feature",
      "properties": {
        "@id": "node/4400281335",
        "light_rail": "yes",
        "name": "Westwood/Rancho Park",
        "network": "LACMTA",
        "operator": "Los Angeles County Metropolitan Transportation Authority",
        "public_transport": "stop_position",
        "railway": "stop"
      },
      "geometry": {
        "type": "Point",
        "coordinates": [
          -118.4241393,
          34.0368426
        ]
      },
      "id": "node/4400281335"
    },
    {
      "type": "Feature",
      "properties": {
        "@id": "node/4400284151",
        "light_rail": "yes",
        "name": "17th Street/SMC",
        "network": "LACMTA",
        "operator": "Los Angeles County Metropolitan Transportation Authority",
        "public_transport": "stop_position",
        "railway": "stop"
      },
      "geometry": {
        "type": "Point",
        "coordinates": [
          -118.480095,
          34.0233508
        ]
      },
      "id": "node/4400284151"
    },
    {
      "type": "Feature",
      "properties": {
        "@id": "node/4400284152",
        "light_rail": "yes",
        "name": "17th Street/SMC",
        "network": "LACMTA",
        "operator": "Los Angeles County Metropolitan Transportation Authority",
        "public_transport": "stop_position",
        "railway": "stop"
      },
      "geometry": {
        "type": "Point",
        "coordinates": [
          -118.480695,
          34.0229597
        ]
      },
      "id": "node/4400284152"
    },
    {
      "type": "Feature",
      "properties": {
        "@id": "node/4400284153",
        "light_rail": "yes",
        "name": "26th Street/Bergamot",
        "network": "LACMTA",
        "operator": "Los Angeles County Metropolitan Transportation Authority",
        "public_transport": "stop_position",
        "railway": "stop"
      },
      "geometry": {
        "type": "Point",
        "coordinates": [
          -118.4694516,
          34.0279162
        ]
      },
      "id": "node/4400284153"
    },
    {
      "type": "Feature",
      "properties": {
        "@id": "node/4400284154",
        "light_rail": "yes",
        "name": "26th Street/Bergamot",
        "network": "LACMTA",
        "operator": "Los Angeles County Metropolitan Transportation Authority",
        "public_transport": "stop_position",
        "railway": "stop"
      },
      "geometry": {
        "type": "Point",
        "coordinates": [
          -118.4687628,
          34.0281019
        ]
      },
      "id": "node/4400284154"
    },
    {
      "type": "Feature",
      "properties": {
        "@id": "node/4400708459",
        "light_rail": "yes",
        "name": "Anaheim Street",
        "network": "LACMTA",
        "operator": "Los Angeles County Metropolitan Transportation Authority",
        "public_transport": "stop_position",
        "railway": "stop"
      },
      "geometry": {
        "type": "Point",
        "coordinates": [
          -118.1894399,
          33.7814479
        ]
      },
      "id": "node/4400708459"
    },
    {
      "type": "Feature",
      "properties": {
        "@id": "node/4400708460",
        "light_rail": "yes",
        "name": "Anaheim Street",
        "network": "LACMTA",
        "operator": "Los Angeles County Metropolitan Transportation Authority",
        "public_transport": "stop_position",
        "railway": "stop"
      },
      "geometry": {
        "type": "Point",
        "coordinates": [
          -118.1893472,
          33.782229
        ]
      },
      "id": "node/4400708460"
    },
    {
      "type": "Feature",
      "properties": {
        "@id": "node/4400708461",
        "light_rail": "yes",
        "name": "Compton",
        "network": "LACMTA",
        "operator": "Los Angeles County Metropolitan Transportation Authority",
        "public_transport": "stop_position",
        "railway": "stop"
      },
      "geometry": {
        "type": "Point",
        "coordinates": [
          -118.2242567,
          33.8979187
        ]
      },
      "id": "node/4400708461"
    },
    {
      "type": "Feature",
      "properties": {
        "@id": "node/4400708462",
        "alt_name": "Transit Mall",
        "light_rail": "yes",
        "name": "Downtown Long Beach",
        "network": "LACMTA",
        "operator": "Los Angeles County Metropolitan Transportation Authority",
        "public_transport": "stop_position",
        "railway": "stop"
      },
      "geometry": {
        "type": "Point",
        "coordinates": [
          -118.1933755,
          33.7680679
        ]
      },
      "id": "node/4400708462"
    },
    {
      "type": "Feature",
      "properties": {
        "@id": "node/4400708463",
        "light_rail": "yes",
        "name": "Firestone",
        "network": "LACMTA",
        "operator": "Los Angeles County Metropolitan Transportation Authority",
        "public_transport": "stop_position",
        "railway": "stop"
      },
      "geometry": {
        "type": "Point",
        "coordinates": [
          -118.2431686,
          33.9599488
        ]
      },
      "id": "node/4400708463"
    },
    {
      "type": "Feature",
      "properties": {
        "@id": "node/4400708464",
        "light_rail": "yes",
        "name": "Florence",
        "network": "LACMTA",
        "operator": "Los Angeles County Metropolitan Transportation Authority",
        "public_transport": "stop_position",
        "railway": "stop"
      },
      "geometry": {
        "type": "Point",
        "coordinates": [
          -118.24325,
          33.9741592
        ]
      },
      "id": "node/4400708464"
    },
    {
      "type": "Feature",
      "properties": {
        "@id": "node/4400708465",
        "light_rail": "yes",
        "name": "Pacific Avenue",
        "network": "LACMTA",
        "operator": "Los Angeles County Metropolitan Transportation Authority",
        "public_transport": "stop_position",
        "railway": "stop",
        "wikidata": "Q196297",
        "wikipedia": "en:Pacific Avenue station"
      },
      "geometry": {
        "type": "Point",
        "coordinates": [
          -118.1937152,
          33.7726071
        ]
      },
      "id": "node/4400708465"
    },
    {
      "type": "Feature",
      "properties": {
        "@id": "node/4400708466",
        "light_rail": "yes",
        "name": "San Pedro Street",
        "network": "LACMTA",
        "operator": "Los Angeles County Metropolitan Transportation Authority",
        "public_transport": "stop_position",
        "railway": "stop"
      },
      "geometry": {
        "type": "Point",
        "coordinates": [
          -118.2559413,
          34.0270542
        ]
      },
      "id": "node/4400708466"
    },
    {
      "type": "Feature",
      "properties": {
        "@id": "node/4400708467",
        "light_rail": "yes",
        "name": "Slauson",
        "network": "LACMTA",
        "operator": "Los Angeles County Metropolitan Transportation Authority",
        "public_transport": "stop_position",
        "railway": "stop"
      },
      "geometry": {
        "type": "Point",
        "coordinates": [
          -118.2434546,
          33.9885384
        ]
      },
      "id": "node/4400708467"
    },
    {
      "type": "Feature",
      "properties": {
        "@id": "node/4400708468",
        "light_rail": "yes",
        "name": "Slauson",
        "network": "LACMTA",
        "operator": "Los Angeles County Metropolitan Transportation Authority",
        "public_transport": "stop_position",
        "railway": "stop"
      },
      "geometry": {
        "type": "Point",
        "coordinates": [
          -118.2433701,
          33.9891308
        ]
      },
      "id": "node/4400708468"
    },
    {
      "type": "Feature",
      "properties": {
        "@id": "node/4400708469",
        "light_rail": "yes",
        "name": "Wardlow",
        "network": "LACMTA",
        "operator": "Los Angeles County Metropolitan Transportation Authority",
        "public_transport": "stop_position",
        "railway": "stop"
      },
      "geometry": {
        "type": "Point",
        "coordinates": [
          -118.1962845,
          33.8202094
        ]
      },
      "id": "node/4400708469"
    },
    {
      "type": "Feature",
      "properties": {
        "@id": "node/4400708470",
        "light_rail": "yes",
        "name": "Washington",
        "network": "LACMTA",
        "operator": "Los Angeles County Metropolitan Transportation Authority",
        "public_transport": "stop_position",
        "railway": "stop"
      },
      "geometry": {
        "type": "Point",
        "coordinates": [
          -118.2430368,
          34.0200698
        ]
      },
      "id": "node/4400708470"
    },
    {
      "type": "Feature",
      "properties": {
        "@id": "node/4400709296",
        "light_rail": "yes",
        "name": "5th Street",
        "network": "LACMTA",
        "operator": "Los Angeles County Metropolitan Transportation Authority",
        "public_transport": "stop_position",
        "railway": "stop"
      },
      "geometry": {
        "type": "Point",
        "coordinates": [
          -118.1894239,
          33.7732851
        ]
      },
      "id": "node/4400709296"
    },
    {
      "type": "Feature",
      "properties": {
        "@id": "node/4455724583",
        "addr:city": "El Monte",
        "addr:housenumber": "3501",
        "addr:postcode": "91731",
        "addr:state": "CA",
        "addr:street": "Santa Anita Avenue",
        "amenity": "bus_station",
        "bus": "yes",
        "name": "El Monte",
        "network": "LACMTA",
        "operator": "Los Angeles County Metropolitan Transportation Authority",
        "public_transport": "station"
      },
      "geometry": {
        "type": "Point",
        "coordinates": [
          -118.0440557,
          34.0722249
        ]
      },
      "id": "node/4455724583"
    },
    {
      "type": "Feature",
      "properties": {
        "@id": "node/4974529823",
        "amenity": "bus_station",
        "bus": "yes",
        "name": "Pico/Rimpau Transit Center",
        "network": "Metro Local;Metro Rapid;Big Blue Bus",
        "operator": "Metro;Big Blue Bus",
        "public_transport": "station",
        "wheelchair": "yes"
      },
      "geometry": {
        "type": "Point",
        "coordinates": [
          -118.337764,
          34.048084
        ]
      },
      "id": "node/4974529823"
    },
    {
      "type": "Feature",
      "properties": {
        "@id": "node/5278606534",
        "amenity": "bus_station",
        "bus": "yes",
        "name": "Foothill Transit 187",
        "public_transport": "station"
      },
      "geometry": {
        "type": "Point",
        "coordinates": [
          -118.0055374,
          34.1402803
        ]
      },
      "id": "node/5278606534"
    },
    {
      "type": "Feature",
      "properties": {
        "@id": "node/5360527586",
        "light_rail": "yes",
        "name": "Redondo Beach",
        "network": "LACMTA",
        "operator": "Los Angeles County Metropolitan Transportation Authority",
        "public_transport": "station",
        "railway": "station",
        "station": "light_rail",
        "wikidata": "Q4383242"
      },
      "geometry": {
        "type": "Point",
        "coordinates": [
          -118.3689778,
          33.8945006
        ]
      },
      "id": "node/5360527586"
    },
    {
      "type": "Feature",
      "properties": {
        "@id": "node/5360530767",
        "light_rail": "yes",
        "name": "Douglas",
        "network": "LACMTA",
        "operator": "Los Angeles County Metropolitan Transportation Authority",
        "public_transport": "station",
        "railway": "station",
        "station": "light_rail",
        "wikidata": "Q5301170"
      },
      "geometry": {
        "type": "Point",
        "coordinates": [
          -118.3829334,
          33.9051265
        ]
      },
      "id": "node/5360530767"
    },
    {
      "type": "Feature",
      "properties": {
        "@id": "node/5360533318",
        "light_rail": "yes",
        "name": "El Segundo",
        "network": "LACMTA",
        "operator": "Los Angeles County Metropolitan Transportation Authority",
        "public_transport": "station",
        "railway": "station",
        "station": "light_rail",
        "wikidata": "Q5352134"
      },
      "geometry": {
        "type": "Point",
        "coordinates": [
          -118.3867319,
          33.9162001
        ]
      },
      "id": "node/5360533318"
    },
    {
      "type": "Feature",
      "properties": {
        "@id": "node/5360540476",
        "light_rail": "yes",
        "name": "Mariposa",
        "network": "LACMTA",
        "operator": "Los Angeles County Metropolitan Transportation Authority",
        "public_transport": "station",
        "railway": "station",
        "station": "light_rail",
        "wikidata": "Q10748197"
      },
      "geometry": {
        "type": "Point",
        "coordinates": [
          -118.387579,
          33.9232168
        ]
      },
      "id": "node/5360540476"
    },
    {
      "type": "Feature",
      "properties": {
        "@id": "node/5360540477",
        "light_rail": "yes",
        "name": "Mariposa",
        "network": "LACMTA",
        "operator": "Los Angeles County Metropolitan Transportation Authority",
        "public_transport": "stop_position",
        "railway": "stop"
      },
      "geometry": {
        "type": "Point",
        "coordinates": [
          -118.3876534,
          33.9228855
        ]
      },
      "id": "node/5360540477"
    },
    {
      "type": "Feature",
      "properties": {
        "@id": "node/5360544097",
        "light_rail": "yes",
        "name": "Aviation/Imperial",
        "network": "LACMTA",
        "operator": "Los Angeles County Metropolitan Transportation Authority",
        "public_transport": "stop_position",
        "railway": "stop"
      },
      "geometry": {
        "type": "Point",
        "coordinates": [
          -118.3775136,
          33.9296883
        ]
      },
      "id": "node/5360544097"
    },
    {
      "type": "Feature",
      "properties": {
        "@id": "node/5360544098",
        "light_rail": "yes",
        "name": "Aviation/Imperial",
        "network": "LACMTA",
        "operator": "Los Angeles County Metropolitan Transportation Authority",
        "public_transport": "stop_position",
        "railway": "stop"
      },
      "geometry": {
        "type": "Point",
        "coordinates": [
          -118.3769007,
          33.9295802
        ]
      },
      "id": "node/5360544098"
    },
    {
      "type": "Feature",
      "properties": {
        "@id": "node/5360547375",
        "light_rail": "yes",
        "name": "Hawthorne/Lennox",
        "network": "LACMTA",
        "operator": "Los Angeles County Metropolitan Transportation Authority",
        "public_transport": "station",
        "railway": "station",
        "station": "light_rail",
        "wikidata": "Q196302"
      },
      "geometry": {
        "type": "Point",
        "coordinates": [
          -118.3519756,
          33.9335004
        ]
      },
      "id": "node/5360547375"
    },
    {
      "type": "Feature",
      "properties": {
        "@id": "node/5360547376",
        "light_rail": "yes",
        "name": "Hawthorne/Lennox",
        "network": "LACMTA",
        "operator": "Los Angeles County Metropolitan Transportation Authority",
        "public_transport": "stop_position",
        "railway": "stop"
      },
      "geometry": {
        "type": "Point",
        "coordinates": [
          -118.3520351,
          33.9335449
        ]
      },
      "id": "node/5360547376"
    },
    {
      "type": "Feature",
      "properties": {
        "@id": "node/5360549248",
        "light_rail": "yes",
        "name": "Crenshaw",
        "network": "LACMTA",
        "operator": "Los Angeles County Metropolitan Transportation Authority",
        "public_transport": "station",
        "railway": "station",
        "station": "light_rail",
        "wikidata": "Q5184167",
        "wikipedia": "en:Crenshaw station"
      },
      "geometry": {
        "type": "Point",
        "coordinates": [
          -118.3265295,
          33.9252122
        ]
      },
      "id": "node/5360549248"
    },
    {
      "type": "Feature",
      "properties": {
        "@id": "node/5360549249",
        "light_rail": "yes",
        "name": "Crenshaw",
        "network": "LACMTA",
        "operator": "Los Angeles County Metropolitan Transportation Authority",
        "public_transport": "stop_position",
        "railway": "stop"
      },
      "geometry": {
        "type": "Point",
        "coordinates": [
          -118.3269325,
          33.9252355
        ]
      },
      "id": "node/5360549249"
    },
    {
      "type": "Feature",
      "properties": {
        "@id": "node/5360549737",
        "addr:housenumber": "11603",
        "addr:state": "CA",
        "addr:street": "Vermont Avenue",
        "light_rail": "yes",
        "name": "Vermont/Athens",
        "network": "LACMTA",
        "operator": "Los Angeles County Metropolitan Transportation Authority",
        "public_transport": "station",
        "railway": "station",
        "station": "light_rail",
        "wheelchair": "yes",
        "wikidata": "Q196104"
      },
      "geometry": {
        "type": "Point",
        "coordinates": [
          -118.2918683,
          33.9286905
        ]
      },
      "id": "node/5360549737"
    },
    {
      "type": "Feature",
      "properties": {
        "@id": "node/5360549738",
        "light_rail": "yes",
        "name": "Vermont/Athens",
        "network": "LACMTA",
        "operator": "Los Angeles County Metropolitan Transportation Authority",
        "public_transport": "stop_position",
        "railway": "stop"
      },
      "geometry": {
        "type": "Point",
        "coordinates": [
          -118.2922981,
          33.92874
        ]
      },
      "id": "node/5360549738"
    },
    {
      "type": "Feature",
      "properties": {
        "@id": "node/5360553490",
        "light_rail": "yes",
        "name": "Harbor Freeway",
        "network": "LACMTA",
        "operator": "Los Angeles County Metropolitan Transportation Authority",
        "public_transport": "station",
        "railway": "station",
        "station": "light_rail",
        "wikidata": "Q4798048"
      },
      "geometry": {
        "type": "Point",
        "coordinates": [
          -118.2812626,
          33.9287193
        ]
      },
      "id": "node/5360553490"
    },
    {
      "type": "Feature",
      "properties": {
        "@id": "node/5360553491",
        "light_rail": "yes",
        "name": "Harbor Freeway",
        "network": "LACMTA",
        "public_transport": "stop_position",
        "railway": "stop"
      },
      "geometry": {
        "type": "Point",
        "coordinates": [
          -118.2815623,
          33.9287976
        ]
      },
      "id": "node/5360553491"
    },
    {
      "type": "Feature",
      "properties": {
        "@id": "node/5360555156",
        "light_rail": "yes",
        "name": "Avalon",
        "network": "LACMTA",
        "operator": "Los Angeles County Metropolitan Transportation Authority",
        "public_transport": "station",
        "railway": "station",
        "station": "light_rail",
        "wikidata": "Q4827552"
      },
      "geometry": {
        "type": "Point",
        "coordinates": [
          -118.2652233,
          33.9274857
        ]
      },
      "id": "node/5360555156"
    },
    {
      "type": "Feature",
      "properties": {
        "@id": "node/5360555157",
        "light_rail": "yes",
        "name": "Avalon",
        "network": "LACMTA",
        "operator": "Los Angeles County Metropolitan Transportation Authority",
        "public_transport": "stop_position",
        "railway": "stop"
      },
      "geometry": {
        "type": "Point",
        "coordinates": [
          -118.2647582,
          33.9274313
        ]
      },
      "id": "node/5360555157"
    },
    {
      "type": "Feature",
      "properties": {
        "@id": "node/5360566257",
        "light_rail": "yes",
        "name": "Willowbrook/Rosa Parks",
        "network": "LACMTA",
        "operator": "Los Angeles County Metropolitan Transportation Authority",
        "public_transport": "station",
        "railway": "station",
        "station": "light_rail",
        "wikidata": "Q4383187",
        "wikipedia": "en:Willowbrook/Rosa Parks station"
      },
      "geometry": {
        "type": "Point",
        "coordinates": [
          -118.238374,
          33.9282894
        ]
      },
      "id": "node/5360566257"
    },
    {
      "type": "Feature",
      "properties": {
        "@id": "node/5360571297",
        "light_rail": "yes",
        "name": "Lynwood",
        "network": "Metro Rail",
        "network:wikidata": "Q1339558",
        "operator": "Los Angeles County Metropolitan Transportation Authority",
        "operator:wikidata": "Q3259702",
        "public_transport": "station",
        "railway": "station",
        "station": "light_rail",
        "subway": "yes",
        "wikidata": "Q195885"
      },
      "geometry": {
        "type": "Point",
        "coordinates": [
          -118.209968,
          33.9248873
        ]
      },
      "id": "node/5360571297"
    },
    {
      "type": "Feature",
      "properties": {
        "@id": "node/5360571298",
        "light_rail": "yes",
        "name": "Lynwood",
        "network": "LACMTA",
        "operator": "Los Angeles County Metropolitan Transportation Authority",
        "public_transport": "stop_position",
        "railway": "stop"
      },
      "geometry": {
        "type": "Point",
        "coordinates": [
          -118.2095864,
          33.9246772
        ]
      },
      "id": "node/5360571298"
    },
    {
      "type": "Feature",
      "properties": {
        "@id": "node/5360574904",
        "light_rail": "yes",
        "name": "Lakewood Boulevard",
        "network": "LACMTA",
        "operator": "Los Angeles County Metropolitan Transportation Authority",
        "public_transport": "station",
        "railway": "station",
        "station": "light_rail",
        "wikidata": "Q4687071"
      },
      "geometry": {
        "type": "Point",
        "coordinates": [
          -118.1406419,
          33.9130799
        ]
      },
      "id": "node/5360574904"
    },
    {
      "type": "Feature",
      "properties": {
        "@id": "node/5360575853",
        "light_rail": "yes",
        "name": "Norwalk",
        "network": "LACMTA",
        "operator": "Los Angeles County Metropolitan Transportation Authority",
        "public_transport": "station",
        "railway": "station",
        "station": "light_rail",
        "wikidata": "Q944027"
      },
      "geometry": {
        "type": "Point",
        "coordinates": [
          -118.1046324,
          33.9140388
        ]
      },
      "id": "node/5360575853"
    },
    {
      "type": "Feature",
      "properties": {
        "@id": "node/5362648027",
        "light_rail": "yes",
        "name": "Union Station",
        "network": "LACMTA",
        "operator": "Los Angeles County Metropolitan Transportation Authority",
        "public_transport": "station",
        "railway": "station",
        "station": "light_rail",
        "wikidata": "Q6156267"
      },
      "geometry": {
        "type": "Point",
        "coordinates": [
          -118.2347667,
          34.055915
        ]
      },
      "id": "node/5362648027"
    },
    {
      "type": "Feature",
      "properties": {
        "@id": "node/5362680709",
        "light_rail": "yes",
        "name": "Maravilla",
        "network": "Metro Rail",
        "network:wikidata": "Q1339558",
        "operator": "Los Angeles County Metropolitan Transportation Authority",
        "operator:wikidata": "Q3259702",
        "public_transport": "station",
        "railway": "station",
        "station": "light_rail",
        "subway": "yes",
        "wikidata": "Q10748806",
        "wikipedia": "en:Maravilla station"
      },
      "geometry": {
        "type": "Point",
        "coordinates": [
          -118.1681507,
          34.0332976
        ]
      },
      "id": "node/5362680709"
    },
    {
      "type": "Feature",
      "properties": {
        "@id": "node/5362680710",
        "light_rail": "yes",
        "name": "Maravilla",
        "network": "LACMTA",
        "operator": "Los Angeles County Metropolitan Transportation Authority",
        "public_transport": "stop_position",
        "railway": "stop"
      },
      "geometry": {
        "type": "Point",
        "coordinates": [
          -118.168606,
          34.03334
        ]
      },
      "id": "node/5362680710"
    },
    {
      "type": "Feature",
      "properties": {
        "@id": "node/5362685533",
        "air_conditioning": "no",
        "light_rail": "yes",
        "name": "Chinatown",
        "network": "LACMTA",
        "operator": "Los Angeles County Metropolitan Transportation Authority",
        "public_transport": "station",
        "railway": "station",
        "station": "light_rail",
        "wheelchair": "yes",
        "wikidata": "Q4383195"
      },
      "geometry": {
        "type": "Point",
        "coordinates": [
          -118.235871,
          34.0637846
        ]
      },
      "id": "node/5362685533"
    },
    {
      "type": "Feature",
      "properties": {
        "@id": "node/5362688644",
        "light_rail": "yes",
        "name": "Mariachi Plaza",
        "network": "LACMTA",
        "operator": "Los Angeles County Metropolitan Transportation Authority",
        "public_transport": "station",
        "railway": "station",
        "station": "light_rail",
        "wikidata": "Q6761739"
      },
      "geometry": {
        "type": "Point",
        "coordinates": [
          -118.2190832,
          34.0474812
        ]
      },
      "id": "node/5362688644"
    },
    {
      "type": "Feature",
      "properties": {
        "@id": "node/5362690788",
        "light_rail": "yes",
        "name": "Lincoln/Cypress",
        "network": "LACMTA",
        "operator": "Los Angeles County Metropolitan Transportation Authority",
        "public_transport": "station",
        "railway": "station",
        "station": "light_rail",
        "wheelchair": "yes",
        "wikidata": "Q195903"
      },
      "geometry": {
        "type": "Point",
        "coordinates": [
          -118.2207106,
          34.0807497
        ]
      },
      "id": "node/5362690788"
    },
    {
      "type": "Feature",
      "properties": {
        "@id": "node/5362690789",
        "light_rail": "yes",
        "name": "Lincoln/Cypress",
        "network": "LACMTA",
        "operator": "Los Angeles County Metropolitan Transportation Authority",
        "public_transport": "stop_position",
        "railway": "stop"
      },
      "geometry": {
        "type": "Point",
        "coordinates": [
          -118.220025,
          34.0812166
        ]
      },
      "id": "node/5362690789"
    },
    {
      "type": "Feature",
      "properties": {
        "@id": "node/5362692695",
        "light_rail": "yes",
        "name": "APU/Citrus College",
        "network": "LACMTA",
        "operator": "Los Angeles County Metropolitan Transportation Authority",
        "public_transport": "stop_position",
        "railway": "stop"
      },
      "geometry": {
        "type": "Point",
        "coordinates": [
          -117.8921492,
          34.1367977
        ]
      },
      "id": "node/5362692695"
    },
    {
      "type": "Feature",
      "properties": {
        "@id": "node/5362692696",
        "light_rail": "yes",
        "name": "APU/Citrus College",
        "network": "LACMTA",
        "operator": "Los Angeles County Metropolitan Transportation Authority",
        "public_transport": "stop_position",
        "railway": "stop"
      },
      "geometry": {
        "type": "Point",
        "coordinates": [
          -117.8912566,
          34.1368244
        ]
      },
      "id": "node/5362692696"
    },
    {
      "type": "Feature",
      "properties": {
        "@id": "node/5362695803",
        "light_rail": "yes",
        "name": "Atlantic",
        "network": "Metro Rail",
        "network:wikidata": "Q1339558",
        "operator": "Los Angeles County Metropolitan Transportation Authority",
        "operator:wikidata": "Q3259702",
        "public_transport": "station",
        "railway": "station",
        "station": "light_rail",
        "subway": "yes",
        "wikidata": "Q4816264"
      },
      "geometry": {
        "type": "Point",
        "coordinates": [
          -118.1545923,
          34.0334012
        ]
      },
      "id": "node/5362695803"
    },
    {
      "type": "Feature",
      "properties": {
        "@id": "node/5362697076",
        "light_rail": "yes",
        "name": "East LA Civic Center",
        "network": "Metro Rail",
        "network:wikidata": "Q1339558",
        "operator": "Los Angeles County Metropolitan Transportation Authority",
        "operator:wikidata": "Q3259702",
        "public_transport": "station",
        "railway": "station",
        "station": "light_rail",
        "subway": "yes",
        "wikidata": "Q5328758"
      },
      "geometry": {
        "type": "Point",
        "coordinates": [
          -118.161215,
          34.0333643
        ]
      },
      "id": "node/5362697076"
    },
    {
      "type": "Feature",
      "properties": {
        "@id": "node/5362705395",
        "addr:city": "Los Angeles",
        "addr:housenumber": "210",
        "addr:postcode": "90063",
        "addr:state": "CA",
        "addr:street": "South Indiana Street",
        "light_rail": "yes",
        "name": "Indiana",
        "network": "Metro Rail",
        "network:wikidata": "Q1339558",
        "operator": "Los Angeles County Metropolitan Transportation Authority",
        "operator:wikidata": "Q3259702",
        "public_transport": "station",
        "railway": "station",
        "station": "light_rail",
        "subway": "yes",
        "wikidata": "Q9008332"
      },
      "geometry": {
        "type": "Point",
        "coordinates": [
          -118.1921717,
          34.0342673
        ]
      },
      "id": "node/5362705395"
    },
    {
      "type": "Feature",
      "properties": {
        "@id": "node/5362711318",
        "light_rail": "yes",
        "name": "Soto",
        "network": "Metro Rail",
        "network:wikidata": "Q1339558",
        "operator": "Los Angeles County Metropolitan Transportation Authority",
        "operator:wikidata": "Q3259702",
        "public_transport": "station",
        "railway": "station",
        "station": "light_rail",
        "subway": "yes",
        "wikidata": "Q5551432"
      },
      "geometry": {
        "type": "Point",
        "coordinates": [
          -118.2102316,
          34.0436132
        ]
      },
      "id": "node/5362711318"
    },
    {
      "type": "Feature",
      "properties": {
        "@id": "node/5362716662",
        "light_rail": "yes",
        "name": "Heritage Square",
        "network": "LACMTA",
        "operator": "Los Angeles County Metropolitan Transportation Authority",
        "public_transport": "station",
        "railway": "station",
        "station": "light_rail",
        "train": "yes",
        "wheelchair": "yes",
        "wikidata": "Q5739086"
      },
      "geometry": {
        "type": "Point",
        "coordinates": [
          -118.2132887,
          34.087127
        ]
      },
      "id": "node/5362716662"
    },
    {
      "type": "Feature",
      "properties": {
        "@id": "node/5362716663",
        "light_rail": "yes",
        "name": "Heritage Square",
        "network": "LACMTA",
        "operator": "Los Angeles County Metropolitan Transportation Authority",
        "public_transport": "stop_position",
        "railway": "stop"
      },
      "geometry": {
        "type": "Point",
        "coordinates": [
          -118.213035,
          34.0873486
        ]
      },
      "id": "node/5362716663"
    },
    {
      "type": "Feature",
      "properties": {
        "@id": "node/5362718466",
        "light_rail": "yes",
        "name": "Southwest Museum",
        "network": "LACMTA",
        "operator": "Los Angeles County Metropolitan Transportation Authority",
        "public_transport": "station",
        "railway": "station",
        "station": "light_rail",
        "wheelchair": "yes",
        "wikidata": "Q7571327"
      },
      "geometry": {
        "type": "Point",
        "coordinates": [
          -118.2066457,
          34.0982784
        ]
      },
      "id": "node/5362718466"
    },
    {
      "type": "Feature",
      "properties": {
        "@id": "node/5362718467",
        "light_rail": "yes",
        "name": "Southwest Museum",
        "network": "LACMTA",
        "operator": "Los Angeles County Metropolitan Transportation Authority",
        "public_transport": "stop_position",
        "railway": "stop"
      },
      "geometry": {
        "type": "Point",
        "coordinates": [
          -118.206303,
          34.0984793
        ]
      },
      "id": "node/5362718467"
    },
    {
      "type": "Feature",
      "properties": {
        "@id": "node/5362718618",
        "light_rail": "yes",
        "name": "Highland Park",
        "network": "LACMTA",
        "operator": "Los Angeles County Metropolitan Transportation Authority",
        "public_transport": "station",
        "railway": "station",
        "station": "light_rail",
        "wheelchair": "yes",
        "wikidata": "Q302054"
      },
      "geometry": {
        "type": "Point",
        "coordinates": [
          -118.1925442,
          34.1112098
        ]
      },
      "id": "node/5362718618"
    },
    {
      "type": "Feature",
      "properties": {
        "@id": "node/5362718619",
        "light_rail": "yes",
        "name": "Highland Park",
        "network": "LACMTA",
        "operator": "Los Angeles County Metropolitan Transportation Authority",
        "public_transport": "stop_position",
        "railway": "stop"
      },
      "geometry": {
        "type": "Point",
        "coordinates": [
          -118.192159,
          34.1113702
        ]
      },
      "id": "node/5362718619"
    },
    {
      "type": "Feature",
      "properties": {
        "@id": "node/5362723249",
        "light_rail": "yes",
        "name": "South Pasadena",
        "network": "LACMTA",
        "operator": "Los Angeles County Metropolitan Transportation Authority",
        "public_transport": "station",
        "railway": "station",
        "station": "light_rail",
        "wheelchair": "yes",
        "wikidata": "Q3018109"
      },
      "geometry": {
        "type": "Point",
        "coordinates": [
          -118.1577981,
          34.1152538
        ]
      },
      "id": "node/5362723249"
    },
    {
      "type": "Feature",
      "properties": {
        "@id": "node/5362726685",
        "light_rail": "yes",
        "name": "Fillmore",
        "network": "LACMTA",
        "operator": "Los Angeles County Metropolitan Transportation Authority",
        "public_transport": "station",
        "railway": "station",
        "station": "light_rail",
        "wikidata": "Q5448850"
      },
      "geometry": {
        "type": "Point",
        "coordinates": [
          -118.148117,
          34.1335508
        ]
      },
      "id": "node/5362726685"
    },
    {
      "type": "Feature",
      "properties": {
        "@id": "node/5362726686",
        "light_rail": "yes",
        "name": "Fillmore",
        "network": "LACMTA",
        "operator": "Los Angeles County Metropolitan Transportation Authority",
        "public_transport": "stop_position",
        "railway": "stop"
      },
      "geometry": {
        "type": "Point",
        "coordinates": [
          -118.148085,
          34.1338985
        ]
      },
      "id": "node/5362726686"
    },
    {
      "type": "Feature",
      "properties": {
        "@id": "node/5362726687",
        "light_rail": "yes",
        "name": "Del Mar",
        "network": "LACMTA",
        "operator": "Los Angeles County Metropolitan Transportation Authority",
        "public_transport": "stop_position",
        "railway": "stop"
      },
      "geometry": {
        "type": "Point",
        "coordinates": [
          -118.148185,
          34.1423236
        ]
      },
      "id": "node/5362726687"
    },
    {
      "type": "Feature",
      "properties": {
        "@id": "node/5362726688",
        "light_rail": "yes",
        "name": "Del Mar",
        "network": "LACMTA",
        "operator": "Los Angeles County Metropolitan Transportation Authority",
        "public_transport": "station",
        "railway": "station",
        "station": "light_rail",
        "wheelchair": "yes",
        "wikidata": "Q5252912"
      },
      "geometry": {
        "type": "Point",
        "coordinates": [
          -118.1482104,
          34.1419849
        ]
      },
      "id": "node/5362726688"
    },
    {
      "type": "Feature",
      "properties": {
        "@id": "node/5362727222",
        "light_rail": "yes",
        "name": "Memorial Park",
        "network": "LACMTA",
        "operator": "Los Angeles County Metropolitan Transportation Authority",
        "public_transport": "station",
        "railway": "station",
        "station": "light_rail",
        "wikidata": "Q4383351"
      },
      "geometry": {
        "type": "Point",
        "coordinates": [
          -118.1474604,
          34.148477
        ]
      },
      "id": "node/5362727222"
    },
    {
      "type": "Feature",
      "properties": {
        "@id": "node/5362727223",
        "check_date": "2023-06-15",
        "light_rail": "yes",
        "name": "Memorial Park",
        "network": "LACMTA",
        "operator": "Los Angeles County Metropolitan Transportation Authority",
        "public_transport": "stop_position",
        "railway": "stop"
      },
      "geometry": {
        "type": "Point",
        "coordinates": [
          -118.147359,
          34.1486369
        ]
      },
      "id": "node/5362727223"
    },
    {
      "type": "Feature",
      "properties": {
        "@id": "node/5362729137",
        "light_rail": "yes",
        "name": "Lake",
        "network": "LACMTA",
        "operator": "Los Angeles County Metropolitan Transportation Authority",
        "public_transport": "stop_position",
        "railway": "stop"
      },
      "geometry": {
        "type": "Point",
        "coordinates": [
          -118.130925,
          34.1517721
        ]
      },
      "id": "node/5362729137"
    },
    {
      "type": "Feature",
      "properties": {
        "@id": "node/5362729138",
        "light_rail": "yes",
        "name": "Allen",
        "network": "LACMTA",
        "operator": "Los Angeles County Metropolitan Transportation Authority",
        "public_transport": "station",
        "railway": "station",
        "station": "light_rail",
        "wikidata": "Q4731503"
      },
      "geometry": {
        "type": "Point",
        "coordinates": [
          -118.11356,
          34.1524415
        ]
      },
      "id": "node/5362729138"
    },
    {
      "type": "Feature",
      "properties": {
        "@id": "node/5362729139",
        "light_rail": "yes",
        "name": "Allen",
        "network": "LACMTA",
        "operator": "Los Angeles County Metropolitan Transportation Authority",
        "public_transport": "stop_position",
        "railway": "stop"
      },
      "geometry": {
        "type": "Point",
        "coordinates": [
          -118.113635,
          34.1523957
        ]
      },
      "id": "node/5362729139"
    },
    {
      "type": "Feature",
      "properties": {
        "@id": "node/5362730313",
        "addr:city": "Pasadena",
        "addr:housenumber": "149",
        "addr:postcode": "91107",
        "addr:state": "CA",
        "addr:street": "North Halstead Street",
        "light_rail": "yes",
        "name": "Sierra Madre Villa",
        "network": "LACMTA",
        "operator": "Los Angeles County Metropolitan Transportation Authority",
        "public_transport": "station",
        "railway": "station",
        "station": "light_rail",
        "wikidata": "Q731367"
      },
      "geometry": {
        "type": "Point",
        "coordinates": [
          -118.0814884,
          34.1484546
        ]
      },
      "id": "node/5362730313"
    },
    {
      "type": "Feature",
      "properties": {
        "@id": "node/5362730314",
        "check_date": "2023-06-15",
        "light_rail": "yes",
        "name": "Sierra Madre Villa",
        "network": "LACMTA",
        "operator": "Los Angeles County Metropolitan Transportation Authority",
        "public_transport": "stop_position",
        "railway": "stop"
      },
      "geometry": {
        "type": "Point",
        "coordinates": [
          -118.080789,
          34.1477356
        ]
      },
      "id": "node/5362730314"
    },
    {
      "type": "Feature",
      "properties": {
        "@id": "node/5362732030",
        "light_rail": "yes",
        "name": "Duarte/City of Hope",
        "network": "LACMTA",
        "operator": "Los Angeles County Metropolitan Transportation Authority",
        "public_transport": "stop_position",
        "railway": "stop"
      },
      "geometry": {
        "type": "Point",
        "coordinates": [
          -117.968108,
          34.1325562
        ]
      },
      "id": "node/5362732030"
    },
    {
      "type": "Feature",
      "properties": {
        "@id": "node/5362732162",
        "light_rail": "yes",
        "name": "Arcadia",
        "network": "LACMTA",
        "operator": "Los Angeles County Metropolitan Transportation Authority",
        "public_transport": "stop_position",
        "railway": "stop"
      },
      "geometry": {
        "type": "Point",
        "coordinates": [
          -118.029478,
          34.1430918
        ]
      },
      "id": "node/5362732162"
    },
    {
      "type": "Feature",
      "properties": {
        "@id": "node/5362732163",
        "light_rail": "yes",
        "name": "Arcadia",
        "network": "LACMTA",
        "operator": "Los Angeles County Metropolitan Transportation Authority",
        "public_transport": "station",
        "railway": "station",
        "station": "light_rail",
        "wikidata": "Q4785119"
      },
      "geometry": {
        "type": "Point",
        "coordinates": [
          -118.0292409,
          34.1428827
        ]
      },
      "id": "node/5362732163"
    },
    {
      "type": "Feature",
      "properties": {
        "@id": "node/5362733432",
        "light_rail": "yes",
        "name": "Monrovia",
        "network": "LACMTA",
        "operator": "Los Angeles County Metropolitan Transportation Authority",
        "public_transport": "stop_position",
        "railway": "stop"
      },
      "geometry": {
        "type": "Point",
        "coordinates": [
          -118.00387,
          34.1332834
        ]
      },
      "id": "node/5362733432"
    },
    {
      "type": "Feature",
      "properties": {
        "@id": "node/5362733433",
        "light_rail": "yes",
        "name": "Monrovia",
        "network": "LACMTA",
        "operator": "Los Angeles County Metropolitan Transportation Authority",
        "public_transport": "stop_position",
        "railway": "stop"
      },
      "geometry": {
        "type": "Point",
        "coordinates": [
          -118.003091,
          34.1330325
        ]
      },
      "id": "node/5362733433"
    },
    {
      "type": "Feature",
      "properties": {
        "@id": "node/5362734755",
        "light_rail": "yes",
        "name": "Irwindale",
        "network": "LACMTA",
        "operator": "Los Angeles County Metropolitan Transportation Authority",
        "public_transport": "stop_position",
        "railway": "stop"
      },
      "geometry": {
        "type": "Point",
        "coordinates": [
          -117.932046,
          34.129104
        ]
      },
      "id": "node/5362734755"
    },
    {
      "type": "Feature",
      "properties": {
        "@id": "node/5362734756",
        "light_rail": "yes",
        "name": "Irwindale",
        "network": "LACMTA",
        "operator": "Los Angeles County Metropolitan Transportation Authority",
        "public_transport": "stop_position",
        "railway": "stop",
        "website": "https://metro.net",
        "wheelchair": "yes",
        "wikipedia": "en:Irwindale station"
      },
      "geometry": {
        "type": "Point",
        "coordinates": [
          -117.932926,
          34.1290334
        ]
      },
      "id": "node/5362734756"
    },
    {
      "type": "Feature",
      "properties": {
        "@id": "node/5362776649",
        "light_rail": "yes",
        "name": "Pico/Aliso",
        "network": "LACMTA",
        "operator": "Los Angeles County Metropolitan Transportation Authority",
        "public_transport": "station",
        "railway": "station",
        "station": "light_rail",
        "wikidata": "Q196262"
      },
      "geometry": {
        "type": "Point",
        "coordinates": [
          -118.226016,
          34.0476438
        ]
      },
      "id": "node/5362776649"
    },
    {
      "type": "Feature",
      "properties": {
        "@id": "node/5362776650",
        "light_rail": "yes",
        "name": "Azusa Downtown",
        "network": "LACMTA",
        "operator": "Los Angeles County Metropolitan Transportation Authority",
        "public_transport": "stop_position",
        "railway": "stop"
      },
      "geometry": {
        "type": "Point",
        "coordinates": [
          -117.907027,
          34.1357791
        ]
      },
      "id": "node/5362776650"
    },
    {
      "type": "Feature",
      "properties": {
        "@id": "node/5362776651",
        "light_rail": "yes",
        "name": "Azusa Downtown",
        "network": "LACMTA",
        "operator": "Los Angeles County Metropolitan Transportation Authority",
        "public_transport": "stop_position",
        "railway": "stop"
      },
      "geometry": {
        "type": "Point",
        "coordinates": [
          -117.906236,
          34.1359751
        ]
      },
      "id": "node/5362776651"
    },
    {
      "type": "Feature",
      "properties": {
        "@id": "node/5404056388",
        "name": "Union Station",
        "network": "LACMTA",
        "operator": "Los Angeles County Metropolitan Transportation Authority",
        "public_transport": "stop_position",
        "railway": "stop",
        "subway": "yes"
      },
      "geometry": {
        "type": "Point",
        "coordinates": [
          -118.2341055,
          34.0553588
        ]
      },
      "id": "node/5404056388"
    },
    {
      "type": "Feature",
      "properties": {
        "@id": "node/5404056389",
        "internet_access": "wlan",
        "level": "-2",
        "name": "Union Station",
        "network": "LACMTA",
        "operator": "Los Angeles County Metropolitan Transportation Authority",
        "platforms": "1",
        "public_transport": "station",
        "railway": "station",
        "station": "subway",
        "subway": "yes",
        "toilets:wheelchair": "yes",
        "wheelchair": "yes",
        "wikidata": "Q6156267"
      },
      "geometry": {
        "type": "Point",
        "coordinates": [
          -118.234856,
          34.056135
        ]
      },
      "id": "node/5404056389"
    },
    {
      "type": "Feature",
      "properties": {
        "@id": "node/5514948721",
        "addr:state": "CA",
        "bus": "yes",
        "name": "Santa Ana Regional Transportation Center",
        "network": "Amtrak;Metrolink",
        "public_transport": "station",
        "railway": "station",
        "railway:position": "mi:175.2",
        "railway:ref": "SNA",
        "train": "yes",
        "wheelchair": "yes",
        "wikidata": "Q3097671"
      },
      "geometry": {
        "type": "Point",
        "coordinates": [
          -117.85647,
          33.751607
        ]
      },
      "id": "node/5514948721"
    },
    {
      "type": "Feature",
      "properties": {
        "@id": "node/5732845563",
        "name": "Fullerton",
        "network": "Amtrak;Metrolink",
        "public_transport": "stop_position",
        "railway": "stop",
        "railway:position": "mi:165.1",
        "railway:ref": "FUL",
        "train": "yes"
      },
      "geometry": {
        "type": "Point",
        "coordinates": [
          -117.9215112,
          33.8685577
        ]
      },
      "id": "node/5732845563"
    },
    {
      "type": "Feature",
      "properties": {
        "@id": "node/5732845616",
        "name": "Norwalk/Santa Fe Springs",
        "network": "Metrolink",
        "network:wikidata": "Q766647",
        "operator": "Southern California Regional Rail Authority",
        "public_transport": "station",
        "railway": "station",
        "railway:position": "mi:156.1",
        "toilets:wheelchair": "no",
        "train": "yes",
        "wheelchair": "yes",
        "wikidata": "Q7060773"
      },
      "geometry": {
        "type": "Point",
        "coordinates": [
          -118.0598321,
          33.9163618
        ]
      },
      "id": "node/5732845616"
    },
    {
      "type": "Feature",
      "properties": {
        "@id": "node/5750413517",
        "construction": "tram",
        "construction:railway": "station",
        "name": "Ross Westbound",
        "network": "OC Streetcar",
        "operator": "Orange County Transportation Authority",
        "public_transport": "stop_position",
        "railway": "stop",
        "tram": "yes"
      },
      "geometry": {
        "type": "Point",
        "coordinates": [
          -117.8721796,
          33.7493064
        ]
      },
      "id": "node/5750413517"
    },
    {
      "type": "Feature",
      "properties": {
        "@id": "node/5750413523",
        "name": "Lacy",
        "network": "OC Streetcar",
        "operator": "Orange County Transportation Authority",
        "public_transport": "stop_position",
        "railway": "stop",
        "tram": "yes"
      },
      "geometry": {
        "type": "Point",
        "coordinates": [
          -117.861578,
          33.7508103
        ]
      },
      "id": "node/5750413523"
    },
    {
      "type": "Feature",
      "properties": {
        "@id": "node/5750413533",
        "construction": "tram",
        "construction:railway": "station",
        "name": "Ross Eastbound",
        "network": "OC Streetcar",
        "operator": "Orange County Transportation Authority",
        "public_transport": "stop_position",
        "railway": "stop",
        "tram": "yes"
      },
      "geometry": {
        "type": "Point",
        "coordinates": [
          -117.8730304,
          33.7479394
        ]
      },
      "id": "node/5750413533"
    },
    {
      "type": "Feature",
      "properties": {
        "@id": "node/5750413535",
        "construction": "tram",
        "construction:railway": "station",
        "name": "Flower",
        "network": "OC Streetcar",
        "operator": "Orange County Transportation Authority",
        "public_transport": "stop_position",
        "railway": "stop",
        "tram": "yes"
      },
      "geometry": {
        "type": "Point",
        "coordinates": [
          -117.8768466,
          33.7479125
        ]
      },
      "id": "node/5750413535"
    },
    {
      "type": "Feature",
      "properties": {
        "@id": "node/5750413536",
        "construction": "tram",
        "construction:railway": "station",
        "name": "Bristol Street",
        "network": "OC Streetcar",
        "operator": "Orange County Transportation Authority",
        "public_transport": "stop_position",
        "railway": "stop",
        "tram": "yes"
      },
      "geometry": {
        "type": "Point",
        "coordinates": [
          -117.8855286,
          33.7479253
        ]
      },
      "id": "node/5750413536"
    },
    {
      "type": "Feature",
      "properties": {
        "@id": "node/5750413544",
        "construction": "light_rail",
        "construction:railway": "station",
        "light_rail": "yes",
        "name": "Fairview",
        "network": "OC Streetcar",
        "operator": "Orange County Transportation Authority",
        "public_transport": "stop_position",
        "railway": "stop"
      },
      "geometry": {
        "type": "Point",
        "coordinates": [
          -117.903851,
          33.7508605
        ]
      },
      "id": "node/5750413544"
    },
    {
      "type": "Feature",
      "properties": {
        "@id": "node/5766831122",
        "amenity": "bus_station",
        "bus": "yes",
        "name": "Claremont Transit Center",
        "public_transport": "station"
      },
      "geometry": {
        "type": "Point",
        "coordinates": [
          -117.7125627,
          34.0944847
        ]
      },
      "id": "node/5766831122"
    },
    {
      "type": "Feature",
      "properties": {
        "@id": "node/5807885708",
        "name": "Pomona–Downtown",
        "network": "Amtrak",
        "public_transport": "stop_position",
        "railway": "stop",
        "railway:position": "mi:31.90",
        "railway:ref": "POS",
        "train": "yes"
      },
      "geometry": {
        "type": "Point",
        "coordinates": [
          -117.7522039,
          34.0589336
        ]
      },
      "id": "node/5807885708"
    },
    {
      "type": "Feature",
      "properties": {
        "@id": "node/5807886005",
        "addr:state": "CA",
        "name": "Ontario",
        "network": "Amtrak",
        "network:wikidata": "Q23239",
        "operator": "Amtrak",
        "public_transport": "station",
        "railway": "station",
        "railway:ref": "ONA",
        "train": "yes",
        "website": "https://www.amtrak.com/stations/ona.html",
        "wikidata": "Q7094586",
        "wikipedia": "en:Ontario station (Amtrak)"
      },
      "geometry": {
        "type": "Point",
        "coordinates": [
          -117.6495909,
          34.0616262
        ]
      },
      "id": "node/5807886005"
    },
    {
      "type": "Feature",
      "properties": {
        "@id": "node/5830456686",
        "construction": "tram",
        "construction:railway": "station",
        "name": "Downtown Westbound",
        "network": "OC Streetcar",
        "operator": "Orange County Transportation Authority",
        "public_transport": "stop_position",
        "railway": "stop",
        "tram": "yes"
      },
      "geometry": {
        "type": "Point",
        "coordinates": [
          -117.8690274,
          33.7497316
        ]
      },
      "id": "node/5830456686"
    },
    {
      "type": "Feature",
      "properties": {
        "@id": "node/5830456687",
        "construction": "tram",
        "construction:railway": "station",
        "name": "Downtown Eastbound",
        "network": "OC Streetcar",
        "operator": "Orange County Transportation Authority",
        "public_transport": "stop_position",
        "railway": "stop",
        "tram": "yes"
      },
      "geometry": {
        "type": "Point",
        "coordinates": [
          -117.868294,
          33.7479877
        ]
      },
      "id": "node/5830456687"
    },
    {
      "type": "Feature",
      "properties": {
        "@id": "node/5830456688",
        "name": "French Westbound",
        "network": "OC Streetcar",
        "operator": "Orange County Transportation Authority",
        "public_transport": "stop_position",
        "railway": "stop",
        "tram": "yes"
      },
      "geometry": {
        "type": "Point",
        "coordinates": [
          -117.8649827,
          33.7497292
        ]
      },
      "id": "node/5830456688"
    },
    {
      "type": "Feature",
      "properties": {
        "@id": "node/5830456691",
        "name": "Santa Ana Regional Transportation Center",
        "network": "OC Streetcar",
        "operator": "Orange County Transportation Authority",
        "public_transport": "stop_position",
        "railway": "stop",
        "tram": "yes"
      },
      "geometry": {
        "type": "Point",
        "coordinates": [
          -117.8572721,
          33.7515838
        ]
      },
      "id": "node/5830456691"
    },
    {
      "type": "Feature",
      "properties": {
        "@id": "node/5874651534",
        "light_rail": "yes",
        "public_transport": "stop_position",
        "railway": "stop",
        "wikidata": "Q28197629",
        "wikipedia": "en:LAX/Metro Transit Center"
      },
      "geometry": {
        "type": "Point",
        "coordinates": [
          -118.3785838,
          33.9502356
        ]
      },
      "id": "node/5874651534"
    },
    {
      "type": "Feature",
      "properties": {
        "@id": "node/5874651538",
        "light_rail": "yes",
        "name": "Westchester/Veterans",
        "network": "Metro Rail",
        "network:wikidata": "Q1339558",
        "network:wikipedia": "en:Los Angeles Metro Rail",
        "operator": "Los Angeles County Metropolitan Transportation Authority",
        "operator:wikidata": "Q3259702",
        "operator:wikipedia": "en:Los Angeles County Metropolitan Transportation Authority",
        "owner": "Los Angeles County Metropolitan Transportation Authority",
        "owner:wikidata": "Q3259702",
        "owner:wikipedia": "en:Los Angeles County Metropolitan Transportation Authority",
        "public_transport": "stop_position",
        "railway": "stop",
        "wikidata": "Q16975762",
        "wikipedia": "en:Westchester/Veterans station"
      },
      "geometry": {
        "type": "Point",
        "coordinates": [
          -118.374579,
          33.962
        ]
      },
      "id": "node/5874651538"
    },
    {
      "type": "Feature",
      "properties": {
        "@id": "node/5874651544",
        "light_rail": "yes",
        "name": "Westchester/Veterans",
        "network": "Metro Rail",
        "network:wikidata": "Q1339558",
        "network:wikipedia": "en:Los Angeles Metro Rail",
        "operator": "Los Angeles County Metropolitan Transportation Authority",
        "operator:wikidata": "Q3259702",
        "operator:wikipedia": "en:Los Angeles County Metropolitan Transportation Authority",
        "owner": "Los Angeles County Metropolitan Transportation Authority",
        "owner:wikidata": "Q3259702",
        "owner:wikipedia": "en:Los Angeles County Metropolitan Transportation Authority",
        "public_transport": "stop_position",
        "railway": "stop",
        "wikidata": "Q16975762",
        "wikipedia": "en:Westchester/Veterans station"
      },
      "geometry": {
        "type": "Point",
        "coordinates": [
          -118.374555,
          33.961958
        ]
      },
      "id": "node/5874651544"
    },
    {
      "type": "Feature",
      "properties": {
        "@id": "node/5874651784",
        "light_rail": "yes",
        "name": "Downtown Inglewood",
        "network": "Metro Rail",
        "network:wikidata": "Q1339558",
        "network:wikipedia": "en:Los Angeles Metro Rail",
        "operator": "Los Angeles County Metropolitan Transportation Authority",
        "operator:wikidata": "Q3259702",
        "operator:wikipedia": "en:Los Angeles County Metropolitan Transportation Authority",
        "owner": "Los Angeles County Metropolitan Transportation Authority",
        "owner:wikidata": "Q3259702",
        "owner:wikipedia": "en:Los Angeles County Metropolitan Transportation Authority",
        "public_transport": "stop_position",
        "railway": "stop",
        "wikidata": "Q16974837",
        "wikipedia": "en:Downtown Inglewood station"
      },
      "geometry": {
        "type": "Point",
        "coordinates": [
          -118.351464,
          33.9672946
        ]
      },
      "id": "node/5874651784"
    },
    {
      "type": "Feature",
      "properties": {
        "@id": "node/5874651785",
        "light_rail": "yes",
        "name": "Downtown Inglewood",
        "network": "Metro Rail",
        "network:wikidata": "Q1339558",
        "network:wikipedia": "en:Los Angeles Metro Rail",
        "operator": "Los Angeles County Metropolitan Transportation Authority",
        "operator:wikidata": "Q3259702",
        "operator:wikipedia": "en:Los Angeles County Metropolitan Transportation Authority",
        "owner": "Los Angeles County Metropolitan Transportation Authority",
        "owner:wikidata": "Q3259702",
        "owner:wikipedia": "en:Los Angeles County Metropolitan Transportation Authority",
        "public_transport": "stop_position",
        "railway": "stop",
        "wikidata": "Q16974837",
        "wikipedia": "en:Downtown Inglewood station"
      },
      "geometry": {
        "type": "Point",
        "coordinates": [
          -118.351383,
          33.9672423
        ]
      },
      "id": "node/5874651785"
    },
    {
      "type": "Feature",
      "properties": {
        "@id": "node/5874651789",
        "light_rail": "yes",
        "name": "Fairview Heights",
        "network": "Metro Rail",
        "network:wikidata": "Q1339558",
        "network:wikipedia": "en:Los Angeles Metro Rail",
        "operator": "Los Angeles County Metropolitan Transportation Authority",
        "operator:wikidata": "Q3259702",
        "operator:wikipedia": "en:Los Angeles County Metropolitan Transportation Authority",
        "owner": "Los Angeles County Metropolitan Transportation Authority",
        "owner:wikidata": "Q3259702",
        "owner:wikipedia": "en:Los Angeles County Metropolitan Transportation Authority",
        "public_transport": "stop_position",
        "railway": "stop",
        "wikidata": "Q16974837",
        "wikipedia": "en:Fairview Heights station (Los Angeles Metro)"
      },
      "geometry": {
        "type": "Point",
        "coordinates": [
          -118.336296,
          33.9752201
        ]
      },
      "id": "node/5874651789"
    },
    {
      "type": "Feature",
      "properties": {
        "@id": "node/6066627268",
        "name": "Pomona–North",
        "network": "Metrolink",
        "public_transport": "stop_position",
        "railway": "stop",
        "railway:position": "mi:30.9",
        "train": "yes"
      },
      "geometry": {
        "type": "Point",
        "coordinates": [
          -117.7526852,
          34.0935794
        ]
      },
      "id": "node/6066627268"
    },
    {
      "type": "Feature",
      "properties": {
        "@id": "node/6104258920",
        "light_rail": "yes",
        "public_transport": "stop_position",
        "railway": "stop",
        "wikidata": "Q28197629",
        "wikipedia": "en:LAX/Metro Transit Center"
      },
      "geometry": {
        "type": "Point",
        "coordinates": [
          -118.3787606,
          33.9495676
        ]
      },
      "id": "node/6104258920"
    },
    {
      "type": "Feature",
      "properties": {
        "@id": "node/6104258921",
        "light_rail": "yes",
        "name": "Aviation/Century",
        "network": "Metro Rail",
        "network:wikidata": "Q1339558",
        "network:wikipedia": "en:Los Angeles Metro Rail",
        "operator": "Los Angeles County Metropolitan Transportation Authority",
        "operator:wikidata": "Q3259702",
        "operator:wikipedia": "en:Los Angeles County Metropolitan Transportation Authority",
        "owner": "Los Angeles County Metropolitan Transportation Authority",
        "owner:wikidata": "Q3259702",
        "owner:wikipedia": "en:Los Angeles County Metropolitan Transportation Authority",
        "public_transport": "stop_position",
        "railway": "stop",
        "wikidata": "Q16974070",
        "wikipedia": "en:Aviation/Century station"
      },
      "geometry": {
        "type": "Point",
        "coordinates": [
          -118.378663,
          33.9459408
        ]
      },
      "id": "node/6104258921"
    },
    {
      "type": "Feature",
      "properties": {
        "@id": "node/6104258922",
        "light_rail": "yes",
        "name": "Aviation/Century",
        "network": "Metro Rail",
        "network:wikidata": "Q1339558",
        "network:wikipedia": "en:Los Angeles Metro Rail",
        "operator": "Los Angeles County Metropolitan Transportation Authority",
        "operator:wikidata": "Q3259702",
        "operator:wikipedia": "en:Los Angeles County Metropolitan Transportation Authority",
        "owner": "Los Angeles County Metropolitan Transportation Authority",
        "owner:wikidata": "Q3259702",
        "owner:wikipedia": "en:Los Angeles County Metropolitan Transportation Authority",
        "public_transport": "stop_position",
        "railway": "stop",
        "wikidata": "Q16974070",
        "wikipedia": "en:Aviation/Century station"
      },
      "geometry": {
        "type": "Point",
        "coordinates": [
          -118.378772,
          33.9459473
        ]
      },
      "id": "node/6104258922"
    },
    {
      "type": "Feature",
      "properties": {
        "@id": "node/6108409744",
        "addr:state": "CA",
        "name": "Van Nuys",
        "network": "Amtrak;Metrolink",
        "public_transport": "station",
        "railway": "station",
        "railway:position": "mi:455.1",
        "railway:ref": "VNC",
        "train": "yes",
        "wheelchair": "yes",
        "wikidata": "Q501786",
        "wikipedia": "en:Van Nuys station"
      },
      "geometry": {
        "type": "Point",
        "coordinates": [
          -118.446697,
          34.2112682
        ]
      },
      "id": "node/6108409744"
    },
    {
      "type": "Feature",
      "properties": {
        "@id": "node/6114280512",
        "name": "Downtown Burbank",
        "network": "Metrolink",
        "public_transport": "station",
        "railway": "station",
        "railway:position": "mi:10.8",
        "train": "yes",
        "wheelchair": "yes",
        "wikidata": "Q5303381"
      },
      "geometry": {
        "type": "Point",
        "coordinates": [
          -118.3117659,
          34.1786187
        ]
      },
      "id": "node/6114280512"
    },
    {
      "type": "Feature",
      "properties": {
        "@id": "node/6114280516",
        "name": "Sun Valley",
        "network": "Metrolink",
        "public_transport": "station",
        "railway": "station",
        "railway:position": "mi:15.4",
        "source": "Yahoo",
        "train": "yes",
        "wikidata": "Q7638560",
        "wikipedia": "en:Sun Valley station"
      },
      "geometry": {
        "type": "Point",
        "coordinates": [
          -118.3733472,
          34.2223933
        ]
      },
      "id": "node/6114280516"
    },
    {
      "type": "Feature",
      "properties": {
        "@id": "node/6114280520",
        "addr:city": "Sylmar",
        "addr:country": "US",
        "addr:housenumber": "12219",
        "addr:postcode": "91342",
        "addr:street": "Frank Modugno Drive",
        "name": "Sylmar/San Fernando",
        "network": "Metrolink",
        "network:wikidata": "Q766647",
        "operator": "Southern California Regional Rail Authority",
        "public_transport": "station",
        "railway": "station",
        "railway:position": "mi:21.9",
        "train": "yes",
        "wheelchair": "limited",
        "wikidata": "Q7660589",
        "wikipedia": "en:Sylmar/San Fernando station"
      },
      "geometry": {
        "type": "Point",
        "coordinates": [
          -118.449574,
          34.2921448
        ]
      },
      "id": "node/6114280520"
    },
    {
      "type": "Feature",
      "properties": {
        "@id": "node/6114626203",
        "name": "Upland",
        "network": "Metrolink",
        "public_transport": "station",
        "railway": "station",
        "railway:position": "mi:37.1",
        "source": "wikipedia:en",
        "train": "yes",
        "wikidata": "Q7898338",
        "wikipedia": "en:Upland station"
      },
      "geometry": {
        "type": "Point",
        "coordinates": [
          -117.6481586,
          34.0945665
        ]
      },
      "id": "node/6114626203"
    },
    {
      "type": "Feature",
      "properties": {
        "@id": "node/6114626204",
        "name": "Montclair",
        "network": "Metrolink",
        "public_transport": "station",
        "railway": "station",
        "railway:position": "mi:34.3",
        "source": "wikipedia:en",
        "train": "yes",
        "wikidata": "Q6904609",
        "wikipedia": "en:Montclair Transcenter"
      },
      "geometry": {
        "type": "Point",
        "coordinates": [
          -117.6964769,
          34.0940897
        ]
      },
      "id": "node/6114626204"
    },
    {
      "type": "Feature",
      "properties": {
        "@id": "node/6114626206",
        "name": "Claremont",
        "network": "Metrolink",
        "public_transport": "station",
        "railway": "station",
        "railway:position": "mi:33.1",
        "railway:ref": "CLM",
        "source": "wikipedia:en",
        "train": "yes",
        "wikidata": "Q5126297",
        "wikipedia": "en:Claremont station (California)"
      },
      "geometry": {
        "type": "Point",
        "coordinates": [
          -117.7164956,
          34.0939798
        ]
      },
      "id": "node/6114626206"
    },
    {
      "type": "Feature",
      "properties": {
        "@id": "node/6114626220",
        "light_rail": "yes",
        "name": "Pomona–North",
        "network": "Metrolink",
        "network:wikidata": "Q766647",
        "operator": "Southern California Regional Rail Authority",
        "public_transport": "station",
        "railway": "station",
        "railway:position": "mi:30.9",
        "source": "wikipedia:en",
        "train": "yes",
        "wikidata": "Q7227377",
        "wikipedia": "en:Pomona–North station"
      },
      "geometry": {
        "type": "Point",
        "coordinates": [
          -117.7523312,
          34.0937511
        ]
      },
      "id": "node/6114626220"
    },
    {
      "type": "Feature",
      "properties": {
        "@id": "node/6114626230",
        "name": "Covina",
        "network": "Metrolink",
        "public_transport": "station",
        "railway": "station",
        "railway:position": "mi:23.0",
        "train": "yes",
        "wikidata": "Q5179328"
      },
      "geometry": {
        "type": "Point",
        "coordinates": [
          -117.889579,
          34.0921547
        ]
      },
      "id": "node/6114626230"
    },
    {
      "type": "Feature",
      "properties": {
        "@id": "node/6114626234",
        "name": "Baldwin Park",
        "network": "Metrolink",
        "network:wikidata": "Q766647",
        "operator": "Southern California Regional Rail Authority",
        "public_transport": "station",
        "railway": "station",
        "railway:position": "mi:18.9",
        "source": "wikipedia:en",
        "toilets:wheelchair": "no",
        "train": "yes",
        "wheelchair": "yes",
        "wheelchair:description": "WC usually locked. Accessible but always locked.",
        "wikidata": "Q4850580",
        "wikipedia": "en:Baldwin Park station"
      },
      "geometry": {
        "type": "Point",
        "coordinates": [
          -117.958351,
          34.0855516
        ]
      },
      "id": "node/6114626234"
    },
    {
      "type": "Feature",
      "properties": {
        "@id": "node/6116782286",
        "name": "Industry",
        "network": "Metrolink",
        "public_transport": "station",
        "railway": "station",
        "railway:position": "mi:25.0",
        "train": "yes",
        "wikidata": "Q6028120"
      },
      "geometry": {
        "type": "Point",
        "coordinates": [
          -117.8454453,
          34.0080692
        ]
      },
      "id": "node/6116782286"
    },
    {
      "type": "Feature",
      "properties": {
        "@id": "node/6116782292",
        "name": "Montebello/Commerce",
        "network": "Metrolink",
        "public_transport": "station",
        "railway": "station",
        "railway:position": "mi:7.7",
        "train": "yes",
        "wikidata": "Q14683390",
        "wikipedia": "en:Montebello/Commerce station"
      },
      "geometry": {
        "type": "Point",
        "coordinates": [
          -118.1261029,
          34.0069504
        ]
      },
      "id": "node/6116782292"
    },
    {
      "type": "Feature",
      "properties": {
        "@id": "node/6117543689",
        "name": "Buena Park",
        "network": "Metrolink",
        "network:wikidata": "Q766647",
        "operator": "Southern California Regional Rail Authority",
        "platforms": "2",
        "public_transport": "station",
        "railway": "station",
        "railway:position": "mi:161.2",
        "train": "yes",
        "wikidata": "Q4985402"
      },
      "geometry": {
        "type": "Point",
        "coordinates": [
          -117.9888806,
          33.8762034
        ]
      },
      "id": "node/6117543689"
    },
    {
      "type": "Feature",
      "properties": {
        "@id": "node/6120572342",
        "air_conditioning": "no",
        "internet_access": "no",
        "name": "Burbank Airport–North",
        "network": "Metrolink",
        "public_transport": "station",
        "railway": "station",
        "train": "yes",
        "wheelchair": "yes",
        "wikidata": "Q16255019"
      },
      "geometry": {
        "type": "Point",
        "coordinates": [
          -118.3499324,
          34.2062657
        ]
      },
      "id": "node/6120572342"
    },
    {
      "type": "Feature",
      "properties": {
        "@id": "node/6135688782",
        "name": "Civic Center/Grand Park",
        "network": "LACMTA",
        "operator": "Los Angeles County Metropolitan Transportation Authority",
        "public_transport": "station",
        "railway": "station",
        "station": "subway",
        "subway": "yes",
        "wheelchair": "yes",
        "wikidata": "Q5919757"
      },
      "geometry": {
        "type": "Point",
        "coordinates": [
          -118.2460939,
          34.0548968
        ]
      },
      "id": "node/6135688782"
    },
    {
      "type": "Feature",
      "properties": {
        "@id": "node/6146719466",
        "name": "Buena Park",
        "network": "Metrolink",
        "public_transport": "stop_position",
        "railway": "stop",
        "railway:position": "mi:161.2",
        "train": "yes"
      },
      "geometry": {
        "type": "Point",
        "coordinates": [
          -117.9870545,
          33.8756932
        ]
      },
      "id": "node/6146719466"
    },
    {
      "type": "Feature",
      "properties": {
        "@id": "node/6146719467",
        "name": "Buena Park",
        "network": "Metrolink",
        "public_transport": "stop_position",
        "railway": "stop",
        "railway:position": "mi:161.2",
        "train": "yes"
      },
      "geometry": {
        "type": "Point",
        "coordinates": [
          -117.9889127,
          33.8761248
        ]
      },
      "id": "node/6146719467"
    },
    {
      "type": "Feature",
      "properties": {
        "@id": "node/6146719484",
        "name": "Glendale",
        "network": "Amtrak;Metrolink",
        "public_transport": "stop_position",
        "railway": "stop",
        "railway:position": "mi:5.8",
        "railway:ref": "GDL",
        "train": "yes"
      },
      "geometry": {
        "type": "Point",
        "coordinates": [
          -118.2588416,
          34.1231588
        ]
      },
      "id": "node/6146719484"
    },
    {
      "type": "Feature",
      "properties": {
        "@id": "node/6146719485",
        "name": "Downtown Burbank",
        "network": "Metrolink",
        "public_transport": "stop_position",
        "railway": "stop",
        "railway:position": "mi:10.8",
        "train": "yes"
      },
      "geometry": {
        "type": "Point",
        "coordinates": [
          -118.313289,
          34.1794333
        ]
      },
      "id": "node/6146719485"
    },
    {
      "type": "Feature",
      "properties": {
        "@id": "node/6146719486",
        "name": "Downtown Burbank",
        "network": "Metrolink",
        "public_transport": "stop_position",
        "railway": "stop",
        "railway:position": "mi:10.8",
        "train": "yes"
      },
      "geometry": {
        "type": "Point",
        "coordinates": [
          -118.3121299,
          34.1784166
        ]
      },
      "id": "node/6146719486"
    },
    {
      "type": "Feature",
      "properties": {
        "@id": "node/6146719487",
        "name": "Burbank Airport–South",
        "name:Amtrak": "Hollywood Burbank Airport",
        "network": "Amtrak;Metrolink",
        "public_transport": "stop_position",
        "railway": "stop",
        "railway:position": "mi:460.6",
        "railway:ref": "BUR",
        "train": "yes"
      },
      "geometry": {
        "type": "Point",
        "coordinates": [
          -118.3515234,
          34.1924753
        ]
      },
      "id": "node/6146719487"
    },
    {
      "type": "Feature",
      "properties": {
        "@id": "node/6146719488",
        "name": "Burbank Airport–South",
        "name:Amtrak": "Hollywood Burbank Airport",
        "network": "Amtrak;Metrolink",
        "public_transport": "stop_position",
        "railway": "stop",
        "railway:position": "mi:460.6",
        "railway:ref": "BUR",
        "train": "yes"
      },
      "geometry": {
        "type": "Point",
        "coordinates": [
          -118.3538397,
          34.1929748
        ]
      },
      "id": "node/6146719488"
    },
    {
      "type": "Feature",
      "properties": {
        "@id": "node/6146719489",
        "name": "Van Nuys",
        "network": "Amtrak;Metrolink",
        "public_transport": "stop_position",
        "railway": "stop",
        "railway:position": "mi:455.1",
        "railway:ref": "VNC",
        "train": "yes"
      },
      "geometry": {
        "type": "Point",
        "coordinates": [
          -118.4474536,
          34.2114588
        ]
      },
      "id": "node/6146719489"
    },
    {
      "type": "Feature",
      "properties": {
        "@id": "node/6146719491",
        "name": "Northridge",
        "network": "Metrolink",
        "public_transport": "stop_position",
        "railway": "stop",
        "railway:position": "mi:449.3",
        "train": "yes"
      },
      "geometry": {
        "type": "Point",
        "coordinates": [
          -118.5458242,
          34.2308173
        ]
      },
      "id": "node/6146719491"
    },
    {
      "type": "Feature",
      "properties": {
        "@id": "node/6146719492",
        "name": "Northridge",
        "network": "Metrolink",
        "public_transport": "stop_position",
        "railway": "stop",
        "railway:position": "mi:449.3",
        "train": "yes"
      },
      "geometry": {
        "type": "Point",
        "coordinates": [
          -118.5443435,
          34.2305255
        ]
      },
      "id": "node/6146719492"
    },
    {
      "type": "Feature",
      "properties": {
        "@id": "node/6146719493",
        "name": "Northridge",
        "network": "Metrolink",
        "network:wikidata": "Q766647",
        "operator": "Southern California Regional Rail Authority",
        "public_transport": "station",
        "railway": "station",
        "railway:position": "mi:449.3",
        "source": "Yahoo",
        "train": "yes",
        "wikidata": "Q7059638",
        "wikipedia": "en:Northridge station"
      },
      "geometry": {
        "type": "Point",
        "coordinates": [
          -118.5451455,
          34.2304561
        ]
      },
      "id": "node/6146719493"
    },
    {
      "type": "Feature",
      "properties": {
        "@id": "node/6150539716",
        "name": "Burbank Airport–North",
        "network": "Metrolink",
        "public_transport": "stop_position",
        "railway": "stop",
        "train": "yes"
      },
      "geometry": {
        "type": "Point",
        "coordinates": [
          -118.3509803,
          34.2070741
        ]
      },
      "id": "node/6150539716"
    },
    {
      "type": "Feature",
      "properties": {
        "@id": "node/6150539717",
        "name": "Burbank Airport–North",
        "network": "Metrolink",
        "public_transport": "stop_position",
        "railway": "stop",
        "train": "yes"
      },
      "geometry": {
        "type": "Point",
        "coordinates": [
          -118.3495869,
          34.2061226
        ]
      },
      "id": "node/6150539717"
    },
    {
      "type": "Feature",
      "properties": {
        "@id": "node/6150539718",
        "name": "Sun Valley",
        "network": "Metrolink",
        "public_transport": "stop_position",
        "railway": "stop",
        "railway:position": "mi:15.4",
        "train": "yes"
      },
      "geometry": {
        "type": "Point",
        "coordinates": [
          -118.3742368,
          34.2229196
        ]
      },
      "id": "node/6150539718"
    },
    {
      "type": "Feature",
      "properties": {
        "@id": "node/6150539719",
        "name": "Sun Valley",
        "network": "Metrolink",
        "public_transport": "stop_position",
        "railway": "stop",
        "railway:position": "mi:15.4",
        "train": "yes"
      },
      "geometry": {
        "type": "Point",
        "coordinates": [
          -118.3727019,
          34.2218686
        ]
      },
      "id": "node/6150539719"
    },
    {
      "type": "Feature",
      "properties": {
        "@id": "node/6150539720",
        "name": "Sylmar/San Fernando",
        "network": "Metrolink",
        "public_transport": "stop_position",
        "railway": "stop",
        "railway:position": "mi:21.9",
        "train": "yes"
      },
      "geometry": {
        "type": "Point",
        "coordinates": [
          -118.4506337,
          34.2928787
        ]
      },
      "id": "node/6150539720"
    },
    {
      "type": "Feature",
      "properties": {
        "@id": "node/6150539721",
        "name": "Sylmar/San Fernando",
        "network": "Metrolink",
        "public_transport": "stop_position",
        "railway": "stop",
        "railway:position": "mi:21.9",
        "train": "yes"
      },
      "geometry": {
        "type": "Point",
        "coordinates": [
          -118.4496703,
          34.292131
        ]
      },
      "id": "node/6150539721"
    },
    {
      "type": "Feature",
      "properties": {
        "@id": "node/6150649390",
        "name": "Pomona–Downtown",
        "network": "Metrolink",
        "public_transport": "stop_position",
        "railway": "stop",
        "railway:position": "mi:31.90",
        "railway:ref": "POS",
        "train": "yes"
      },
      "geometry": {
        "type": "Point",
        "coordinates": [
          -117.749081,
          34.0588381
        ]
      },
      "id": "node/6150649390"
    },
    {
      "type": "Feature",
      "properties": {
        "@id": "node/6150649391",
        "name": "Pomona–Downtown",
        "network": "Metrolink",
        "public_transport": "stop_position",
        "railway": "stop",
        "railway:position": "mi:31.90",
        "railway:ref": "POS",
        "train": "yes"
      },
      "geometry": {
        "type": "Point",
        "coordinates": [
          -117.751031,
          34.0589241
        ]
      },
      "id": "node/6150649391"
    },
    {
      "type": "Feature",
      "properties": {
        "@id": "node/6150649394",
        "name": "Pomona–Downtown",
        "network": "Amtrak",
        "public_transport": "stop_position",
        "railway": "stop",
        "railway:position": "mi:31.90",
        "railway:ref": "POS",
        "train": "yes"
      },
      "geometry": {
        "type": "Point",
        "coordinates": [
          -117.7504846,
          34.0589733
        ]
      },
      "id": "node/6150649394"
    },
    {
      "type": "Feature",
      "properties": {
        "@id": "node/6150649395",
        "name": "Ontario",
        "network": "Amtrak",
        "public_transport": "stop_position",
        "railway": "stop",
        "railway:ref": "ONA",
        "train": "yes"
      },
      "geometry": {
        "type": "Point",
        "coordinates": [
          -117.6505874,
          34.0614672
        ]
      },
      "id": "node/6150649395"
    },
    {
      "type": "Feature",
      "properties": {
        "@id": "node/6150863809",
        "name": "Industry",
        "network": "Metrolink",
        "public_transport": "stop_position",
        "railway": "stop",
        "railway:position": "mi:25.0",
        "train": "yes"
      },
      "geometry": {
        "type": "Point",
        "coordinates": [
          -117.8460892,
          34.007684
        ]
      },
      "id": "node/6150863809"
    },
    {
      "type": "Feature",
      "properties": {
        "@id": "node/6150863810",
        "name": "Industry",
        "network": "Metrolink",
        "public_transport": "stop_position",
        "railway": "stop",
        "railway:position": "mi:25.0",
        "train": "yes"
      },
      "geometry": {
        "type": "Point",
        "coordinates": [
          -117.8448582,
          34.0082423
        ]
      },
      "id": "node/6150863810"
    },
    {
      "type": "Feature",
      "properties": {
        "@id": "node/6150863811",
        "name": "Anaheim Canyon",
        "network": "Metrolink",
        "public_transport": "stop_position",
        "railway": "stop",
        "railway:position": "mi:1.2",
        "train": "yes"
      },
      "geometry": {
        "type": "Point",
        "coordinates": [
          -117.8408397,
          33.8535489
        ]
      },
      "id": "node/6150863811"
    },
    {
      "type": "Feature",
      "properties": {
        "@id": "node/6150863812",
        "name": "Anaheim Canyon",
        "network": "Metrolink",
        "public_transport": "stop_position",
        "railway": "stop",
        "railway:position": "mi:1.2",
        "train": "yes"
      },
      "geometry": {
        "type": "Point",
        "coordinates": [
          -117.8403925,
          33.8548994
        ]
      },
      "id": "node/6150863812"
    },
    {
      "type": "Feature",
      "properties": {
        "@id": "node/6150863813",
        "name": "Montebello/Commerce",
        "network": "Metrolink",
        "public_transport": "stop_position",
        "railway": "stop",
        "railway:position": "mi:7.7",
        "train": "yes"
      },
      "geometry": {
        "type": "Point",
        "coordinates": [
          -118.1266181,
          34.0071884
        ]
      },
      "id": "node/6150863813"
    },
    {
      "type": "Feature",
      "properties": {
        "@id": "node/6150863814",
        "name": "Montebello/Commerce",
        "network": "Metrolink",
        "public_transport": "stop_position",
        "railway": "stop",
        "railway:position": "mi:7.7",
        "train": "yes"
      },
      "geometry": {
        "type": "Point",
        "coordinates": [
          -118.1246419,
          34.0069499
        ]
      },
      "id": "node/6150863814"
    },
    {
      "type": "Feature",
      "properties": {
        "@id": "node/6150863819",
        "name": "Upland",
        "network": "Metrolink",
        "public_transport": "stop_position",
        "railway": "stop",
        "railway:position": "mi:37.1",
        "train": "yes"
      },
      "geometry": {
        "type": "Point",
        "coordinates": [
          -117.648266,
          34.0944224
        ]
      },
      "id": "node/6150863819"
    },
    {
      "type": "Feature",
      "properties": {
        "@id": "node/6150863820",
        "name": "Upland",
        "network": "Metrolink",
        "public_transport": "stop_position",
        "railway": "stop",
        "railway:position": "mi:37.1",
        "train": "yes"
      },
      "geometry": {
        "type": "Point",
        "coordinates": [
          -117.6459638,
          34.0944209
        ]
      },
      "id": "node/6150863820"
    },
    {
      "type": "Feature",
      "properties": {
        "@id": "node/6150863821",
        "name": "Montclair",
        "network": "Metrolink",
        "public_transport": "stop_position",
        "railway": "stop",
        "railway:position": "mi:34.3",
        "train": "yes"
      },
      "geometry": {
        "type": "Point",
        "coordinates": [
          -117.6969013,
          34.0939667
        ]
      },
      "id": "node/6150863821"
    },
    {
      "type": "Feature",
      "properties": {
        "@id": "node/6150863822",
        "name": "Montclair",
        "network": "Metrolink",
        "public_transport": "stop_position",
        "railway": "stop",
        "railway:position": "mi:34.3",
        "train": "yes"
      },
      "geometry": {
        "type": "Point",
        "coordinates": [
          -117.6946851,
          34.0939039
        ]
      },
      "id": "node/6150863822"
    },
    {
      "type": "Feature",
      "properties": {
        "@id": "node/6150863823",
        "name": "Claremont",
        "network": "Metrolink",
        "network:wikidata": "Q766647",
        "operator": "Southern California Regional Rail Authority",
        "public_transport": "station",
        "railway": "station",
        "railway:position": "mi:33.1",
        "railway:ref": "CLM",
        "train": "yes"
      },
      "geometry": {
        "type": "Point",
        "coordinates": [
          -117.7169207,
          34.0939597
        ]
      },
      "id": "node/6150863823"
    },
    {
      "type": "Feature",
      "properties": {
        "@id": "node/6150863824",
        "name": "Claremont",
        "network": "Metrolink",
        "public_transport": "stop_position",
        "railway": "stop",
        "railway:position": "mi:33.1",
        "railway:ref": "CLM",
        "train": "yes"
      },
      "geometry": {
        "type": "Point",
        "coordinates": [
          -117.7151616,
          34.0939085
        ]
      },
      "id": "node/6150863824"
    },
    {
      "type": "Feature",
      "properties": {
        "@id": "node/6150863826",
        "name": "Pomona–North",
        "network": "Metrolink",
        "network:wikidata": "Q766647",
        "operator": "Southern California Regional Rail Authority",
        "public_transport": "station",
        "railway": "station",
        "railway:position": "mi:30.9",
        "train": "yes"
      },
      "geometry": {
        "type": "Point",
        "coordinates": [
          -117.7549306,
          34.093704
        ]
      },
      "id": "node/6150863826"
    },
    {
      "type": "Feature",
      "properties": {
        "@id": "node/6150863827",
        "name": "Covina",
        "network": "Metrolink",
        "public_transport": "stop_position",
        "railway": "stop",
        "railway:position": "mi:23.0",
        "train": "yes"
      },
      "geometry": {
        "type": "Point",
        "coordinates": [
          -117.8880265,
          34.0920643
        ]
      },
      "id": "node/6150863827"
    },
    {
      "type": "Feature",
      "properties": {
        "@id": "node/6150863828",
        "name": "Covina",
        "network": "Metrolink",
        "public_transport": "stop_position",
        "railway": "stop",
        "railway:position": "mi:23.0",
        "train": "yes"
      },
      "geometry": {
        "type": "Point",
        "coordinates": [
          -117.8896471,
          34.0921163
        ]
      },
      "id": "node/6150863828"
    },
    {
      "type": "Feature",
      "properties": {
        "@id": "node/6150863829",
        "name": "Baldwin Park",
        "network": "Metrolink",
        "public_transport": "stop_position",
        "railway": "stop",
        "railway:position": "mi:18.9",
        "train": "yes"
      },
      "geometry": {
        "type": "Point",
        "coordinates": [
          -117.9569877,
          34.0869623
        ]
      },
      "id": "node/6150863829"
    },
    {
      "type": "Feature",
      "properties": {
        "@id": "node/6150863830",
        "name": "Baldwin Park",
        "network": "Metrolink",
        "public_transport": "stop_position",
        "railway": "stop",
        "railway:position": "mi:18.9",
        "train": "yes"
      },
      "geometry": {
        "type": "Point",
        "coordinates": [
          -117.9582689,
          34.085757
        ]
      },
      "id": "node/6150863830"
    },
    {
      "type": "Feature",
      "properties": {
        "@id": "node/6150863831",
        "name": "El Monte",
        "network": "Metrolink",
        "public_transport": "stop_position",
        "railway": "stop",
        "railway:position": "mi:12.6",
        "train": "yes"
      },
      "geometry": {
        "type": "Point",
        "coordinates": [
          -118.0348155,
          34.0762973
        ]
      },
      "id": "node/6150863831"
    },
    {
      "type": "Feature",
      "properties": {
        "@id": "node/6150863832",
        "addr:city": "El Monte",
        "addr:housenumber": "10925",
        "addr:postcode": "91731",
        "addr:state": "CA",
        "addr:street": "Railroad Street",
        "name": "El Monte",
        "network": "Metrolink",
        "network:wikidata": "Q766647",
        "operator": "Southern California Regional Rail Authority",
        "public_transport": "station",
        "railway": "station",
        "railway:position": "mi:12.6",
        "train": "yes",
        "wikidata": "Q5351630"
      },
      "geometry": {
        "type": "Point",
        "coordinates": [
          -118.0356503,
          34.0767365
        ]
      },
      "id": "node/6150863832"
    },
    {
      "type": "Feature",
      "properties": {
        "@id": "node/6150863833",
        "name": "Cal State LA",
        "network": "Metrolink",
        "public_transport": "stop_position",
        "railway": "stop",
        "railway:position": "mi:4.6",
        "train": "yes"
      },
      "geometry": {
        "type": "Point",
        "coordinates": [
          -118.1681496,
          34.0626607
        ]
      },
      "id": "node/6150863833"
    },
    {
      "type": "Feature",
      "properties": {
        "@id": "node/6150863836",
        "name": "Cal State LA",
        "network": "Metrolink;LACMTA",
        "public_transport": "station",
        "railway": "station",
        "railway:position": "mi:4.6",
        "train": "yes",
        "wikidata": "Q502211"
      },
      "geometry": {
        "type": "Point",
        "coordinates": [
          -118.1684408,
          34.062686
        ]
      },
      "id": "node/6150863836"
    },
    {
      "type": "Feature",
      "properties": {
        "@id": "node/6204928841",
        "amenity": "bus_station",
        "bus": "yes",
        "name": "Woodman/Valley Glen",
        "network": "LACMTA",
        "operator": "Los Angeles County Metropolitan Transportation Authority",
        "public_transport": "station"
      },
      "geometry": {
        "type": "Point",
        "coordinates": [
          -118.4300098,
          34.1792742
        ]
      },
      "id": "node/6204928841"
    },
    {
      "type": "Feature",
      "properties": {
        "@id": "node/6204928843",
        "amenity": "bus_station",
        "bus": "yes",
        "name": "Reseda",
        "network": "LACMTA",
        "operator": "Los Angeles County Metropolitan Transportation Authority",
        "public_transport": "station",
        "wikidata": "Q7315192"
      },
      "geometry": {
        "type": "Point",
        "coordinates": [
          -118.5358379,
          34.1803026
        ]
      },
      "id": "node/6204928843"
    },
    {
      "type": "Feature",
      "properties": {
        "@id": "node/6204928845",
        "amenity": "bus_station",
        "bus": "yes",
        "name": "Laurel Canyon",
        "network": "LACMTA",
        "operator": "Los Angeles County Metropolitan Transportation Authority",
        "public_transport": "station",
        "wikidata": "Q6499768"
      },
      "geometry": {
        "type": "Point",
        "coordinates": [
          -118.3962958,
          34.1684654
        ]
      },
      "id": "node/6204928845"
    },
    {
      "type": "Feature",
      "properties": {
        "@id": "node/6204928851",
        "amenity": "bus_station",
        "bus": "yes",
        "name": "Sepulveda",
        "network": "Metro Express",
        "network:wikidata": "Q77610",
        "operator": "Los Angeles County Metropolitan Transportation Authority",
        "operator:wikidata": "Q3259702",
        "public_transport": "station",
        "wikidata": "Q7452394"
      },
      "geometry": {
        "type": "Point",
        "coordinates": [
          -118.46888,
          34.1807806
        ]
      },
      "id": "node/6204928851"
    },
    {
      "type": "Feature",
      "properties": {
        "@id": "node/6204928852",
        "amenity": "bus_station",
        "bus": "yes",
        "name": "Balboa",
        "network": "LACMTA",
        "operator": "Los Angeles County Metropolitan Transportation Authority",
        "public_transport": "station",
        "wikidata": "Q4850196"
      },
      "geometry": {
        "type": "Point",
        "coordinates": [
          -118.5005523,
          34.1859232
        ]
      },
      "id": "node/6204928852"
    },
    {
      "type": "Feature",
      "properties": {
        "@id": "node/6204928853",
        "amenity": "bus_station",
        "bus": "yes",
        "name": "Woodley",
        "network": "LACMTA",
        "operator": "Los Angeles County Metropolitan Transportation Authority",
        "public_transport": "station",
        "wikidata": "Q8033054"
      },
      "geometry": {
        "type": "Point",
        "coordinates": [
          -118.4833939,
          34.1861699
        ]
      },
      "id": "node/6204928853"
    },
    {
      "type": "Feature",
      "properties": {
        "@id": "node/6204928854",
        "addr:city": "Van Nuys",
        "addr:state": "CA",
        "amenity": "bus_station",
        "bus": "yes",
        "name": "Van Nuys",
        "network": "LACMTA",
        "operator": "Los Angeles County Metropolitan Transportation Authority",
        "public_transport": "station",
        "wikidata": "Q7913554"
      },
      "geometry": {
        "type": "Point",
        "coordinates": [
          -118.4484811,
          34.1804911
        ]
      },
      "id": "node/6204928854"
    },
    {
      "type": "Feature",
      "properties": {
        "@id": "node/6204928855",
        "amenity": "bus_station",
        "bus": "yes",
        "name": "Valley College",
        "network": "LACMTA",
        "operator": "Los Angeles County Metropolitan Transportation Authority",
        "public_transport": "station",
        "wikidata": "Q7912015"
      },
      "geometry": {
        "type": "Point",
        "coordinates": [
          -118.422275,
          34.171854
        ]
      },
      "id": "node/6204928855"
    },
    {
      "type": "Feature",
      "properties": {
        "@id": "node/6204929252",
        "amenity": "bus_station",
        "bus": "yes",
        "name": "Tampa",
        "network": "LACMTA",
        "operator": "Los Angeles County Metropolitan Transportation Authority",
        "public_transport": "station",
        "wikidata": "Q7681665"
      },
      "geometry": {
        "type": "Point",
        "coordinates": [
          -118.553441,
          34.1812169
        ]
      },
      "id": "node/6204929252"
    },
    {
      "type": "Feature",
      "properties": {
        "@id": "node/6204929283",
        "amenity": "bus_station",
        "bus": "yes",
        "name": "Pierce College",
        "network": "LACMTA",
        "operator": "Los Angeles County Metropolitan Transportation Authority",
        "public_transport": "station",
        "wikidata": "Q7191781"
      },
      "geometry": {
        "type": "Point",
        "coordinates": [
          -118.5708038,
          34.1870312
        ]
      },
      "id": "node/6204929283"
    },
    {
      "type": "Feature",
      "properties": {
        "@id": "node/6206425599",
        "addr:street": "El Monte Busway",
        "amenity": "bus_station",
        "bus": "yes",
        "name": "LA General Medical Center",
        "public_transport": "station",
        "route_ref": "910,950,487"
      },
      "geometry": {
        "type": "Point",
        "coordinates": [
          -118.210441,
          34.0553927
        ]
      },
      "id": "node/6206425599"
    },
    {
      "type": "Feature",
      "properties": {
        "@id": "node/6206425640",
        "amenity": "bus_station",
        "bus": "yes",
        "name": "Slauson",
        "network": "LACMTA",
        "operator": "Los Angeles County Metropolitan Transportation Authority",
        "public_transport": "station"
      },
      "geometry": {
        "type": "Point",
        "coordinates": [
          -118.280515,
          33.9890113
        ]
      },
      "id": "node/6206425640"
    },
    {
      "type": "Feature",
      "properties": {
        "@id": "node/6206425641",
        "amenity": "bus_station",
        "bus": "yes",
        "name": "Manchester",
        "network": "LACMTA",
        "operator": "Los Angeles County Metropolitan Transportation Authority",
        "public_transport": "station"
      },
      "geometry": {
        "type": "Point",
        "coordinates": [
          -118.280835,
          33.9600846
        ]
      },
      "id": "node/6206425641"
    },
    {
      "type": "Feature",
      "properties": {
        "@id": "node/6206425642",
        "bus": "yes",
        "name": "Rosecrans",
        "network": "LACMTA",
        "operator": "Los Angeles County Metropolitan Transportation Authority",
        "public_transport": "station",
        "wikidata": "Q7368130"
      },
      "geometry": {
        "type": "Point",
        "coordinates": [
          -118.2866313,
          33.9017758
        ]
      },
      "id": "node/6206425642"
    },
    {
      "type": "Feature",
      "properties": {
        "@id": "node/6206425701",
        "bus": "yes",
        "name": "37th Street/USC",
        "network": "LACMTA",
        "operator": "Los Angeles County Metropolitan Transportation Authority",
        "public_transport": "station",
        "wikidata": "Q4635922"
      },
      "geometry": {
        "type": "Point",
        "coordinates": [
          -118.280109,
          34.0177803
        ]
      },
      "id": "node/6206425701"
    },
    {
      "type": "Feature",
      "properties": {
        "@id": "node/6206425719",
        "amenity": "bus_station",
        "bus": "yes",
        "name": "Harbor Gateway Transit Center",
        "network": "LACMTA",
        "operator": "Los Angeles County Metropolitan Transportation Authority",
        "public_transport": "station"
      },
      "geometry": {
        "type": "Point",
        "coordinates": [
          -118.2874428,
          33.8693007
        ]
      },
      "id": "node/6206425719"
    },
    {
      "type": "Feature",
      "properties": {
        "@id": "node/6208583804",
        "name": "7th Street/Metro Center",
        "network": "LACMTA",
        "operator": "Los Angeles County Metropolitan Transportation Authority",
        "public_transport": "stop_position",
        "railway": "stop",
        "subway": "yes"
      },
      "geometry": {
        "type": "Point",
        "coordinates": [
          -118.2582014,
          34.0482336
        ]
      },
      "id": "node/6208583804"
    },
    {
      "type": "Feature",
      "properties": {
        "@id": "node/6208584034",
        "light_rail": "yes",
        "name": "Downtown Santa Monica",
        "network": "LACMTA",
        "operator": "Los Angeles County Metropolitan Transportation Authority",
        "public_transport": "stop_position",
        "railway": "stop"
      },
      "geometry": {
        "type": "Point",
        "coordinates": [
          -118.4915075,
          34.0137106
        ]
      },
      "id": "node/6208584034"
    },
    {
      "type": "Feature",
      "properties": {
        "@id": "node/6215060655",
        "name": "Universal City/Studio City",
        "network": "LACMTA",
        "operator": "Los Angeles County Metropolitan Transportation Authority",
        "public_transport": "stop_position",
        "railway": "stop",
        "subway": "yes"
      },
      "geometry": {
        "type": "Point",
        "coordinates": [
          -118.362088,
          34.139242
        ]
      },
      "id": "node/6215060655"
    },
    {
      "type": "Feature",
      "properties": {
        "@id": "node/6215060671",
        "name": "Hollywood/Highland",
        "network": "LACMTA",
        "operator": "Los Angeles County Metropolitan Transportation Authority",
        "public_transport": "stop_position",
        "railway": "stop",
        "subway": "yes",
        "wheelchair": "yes"
      },
      "geometry": {
        "type": "Point",
        "coordinates": [
          -118.3389486,
          34.1015199
        ]
      },
      "id": "node/6215060671"
    },
    {
      "type": "Feature",
      "properties": {
        "@id": "node/6215060673",
        "name": "Hollywood/Vine",
        "network": "LACMTA",
        "operator": "Los Angeles County Metropolitan Transportation Authority",
        "public_transport": "stop_position",
        "railway": "stop",
        "subway": "yes"
      },
      "geometry": {
        "type": "Point",
        "coordinates": [
          -118.32392,
          34.1016283
        ]
      },
      "id": "node/6215060673"
    },
    {
      "type": "Feature",
      "properties": {
        "@id": "node/6215060674",
        "name": "Hollywood/Western",
        "network": "LACMTA",
        "operator": "Los Angeles County Metropolitan Transportation Authority",
        "public_transport": "stop_position",
        "railway": "stop",
        "subway": "yes",
        "wheelchair": "yes"
      },
      "geometry": {
        "type": "Point",
        "coordinates": [
          -118.3073626,
          34.1017192
        ]
      },
      "id": "node/6215060674"
    },
    {
      "type": "Feature",
      "properties": {
        "@id": "node/6215060684",
        "name": "Vermont/Sunset",
        "network": "LACMTA",
        "operator": "Los Angeles County Metropolitan Transportation Authority",
        "public_transport": "stop_position",
        "railway": "stop",
        "subway": "yes"
      },
      "geometry": {
        "type": "Point",
        "coordinates": [
          -118.291786,
          34.0982794
        ]
      },
      "id": "node/6215060684"
    },
    {
      "type": "Feature",
      "properties": {
        "@id": "node/6215060886",
        "name": "Vermont/Santa Monica",
        "network": "LACMTA",
        "operator": "Los Angeles County Metropolitan Transportation Authority",
        "public_transport": "stop_position",
        "railway": "stop",
        "subway": "yes"
      },
      "geometry": {
        "type": "Point",
        "coordinates": [
          -118.2917871,
          34.0892357
        ]
      },
      "id": "node/6215060886"
    },
    {
      "type": "Feature",
      "properties": {
        "@id": "node/6215060887",
        "name": "Vermont/Beverly",
        "network": "LACMTA",
        "operator": "Los Angeles County Metropolitan Transportation Authority",
        "public_transport": "stop_position",
        "railway": "stop",
        "subway": "yes"
      },
      "geometry": {
        "type": "Point",
        "coordinates": [
          -118.291804,
          34.0764333
        ]
      },
      "id": "node/6215060887"
    },
    {
      "type": "Feature",
      "properties": {
        "@id": "node/6215060919",
        "name": "Wilshire/La Cienega",
        "public_transport": "stop_position",
        "railway": "stop",
        "subway": "yes"
      },
      "geometry": {
        "type": "Point",
        "coordinates": [
          -118.3757007,
          34.0650396
        ]
      },
      "id": "node/6215060919"
    },
    {
      "type": "Feature",
      "properties": {
        "@id": "node/6215060923",
        "name": "Wilshire/Fairfax",
        "public_transport": "stop_position",
        "railway": "stop",
        "subway": "yes"
      },
      "geometry": {
        "type": "Point",
        "coordinates": [
          -118.3611782,
          34.0629081
        ]
      },
      "id": "node/6215060923"
    },
    {
      "type": "Feature",
      "properties": {
        "@id": "node/6215060925",
        "name": "Wilshire/La Brea",
        "public_transport": "stop_position",
        "railway": "stop",
        "subway": "yes"
      },
      "geometry": {
        "type": "Point",
        "coordinates": [
          -118.3440058,
          34.0622196
        ]
      },
      "id": "node/6215060925"
    },
    {
      "type": "Feature",
      "properties": {
        "@id": "node/6215060941",
        "name": "Westlake/MacArthur Park",
        "network": "LACMTA",
        "operator": "Los Angeles County Metropolitan Transportation Authority",
        "public_transport": "stop_position",
        "railway": "stop",
        "subway": "yes"
      },
      "geometry": {
        "type": "Point",
        "coordinates": [
          -118.2749655,
          34.0562937
        ]
      },
      "id": "node/6215060941"
    },
    {
      "type": "Feature",
      "properties": {
        "@id": "node/6215060948",
        "name": "Wilshire/Western",
        "network": "LACMTA",
        "operator": "Los Angeles County Metropolitan Transportation Authority",
        "public_transport": "stop_position",
        "railway": "stop",
        "subway": "yes"
      },
      "geometry": {
        "type": "Point",
        "coordinates": [
          -118.3071818,
          34.0616846
        ]
      },
      "id": "node/6215060948"
    },
    {
      "type": "Feature",
      "properties": {
        "@id": "node/6215060949",
        "name": "Wilshire/Normandie",
        "network": "LACMTA",
        "operator": "Los Angeles County Metropolitan Transportation Authority",
        "public_transport": "stop_position",
        "railway": "stop",
        "subway": "yes"
      },
      "geometry": {
        "type": "Point",
        "coordinates": [
          -118.3000679,
          34.0617258
        ]
      },
      "id": "node/6215060949"
    },
    {
      "type": "Feature",
      "properties": {
        "@id": "node/6215060982",
        "name": "Wilshire/Vermont",
        "network": "LACMTA",
        "operator": "Los Angeles County Metropolitan Transportation Authority",
        "public_transport": "station",
        "railway": "station",
        "station": "subway",
        "subway": "yes",
        "wikidata": "Q195901"
      },
      "geometry": {
        "type": "Point",
        "coordinates": [
          -118.2906103,
          34.0626617
        ]
      },
      "id": "node/6215060982"
    },
    {
      "type": "Feature",
      "properties": {
        "@id": "node/6215061003",
        "name": "Civic Center/Grand Park",
        "network": "LACMTA",
        "operator": "Los Angeles County Metropolitan Transportation Authority",
        "public_transport": "stop_position",
        "railway": "stop",
        "subway": "yes"
      },
      "geometry": {
        "type": "Point",
        "coordinates": [
          -118.245586,
          34.0553426
        ]
      },
      "id": "node/6215061003"
    },
    {
      "type": "Feature",
      "properties": {
        "@id": "node/6215061051",
        "light_rail": "yes",
        "location": "underground",
        "name": "Grand Avenue Arts/Bunker Hill",
        "network": "LACMTA",
        "operator": "Los Angeles County Transportation Authority",
        "public_transport": "station",
        "railway": "station",
        "station": "light_rail",
        "wikidata": "Q30623948"
      },
      "geometry": {
        "type": "Point",
        "coordinates": [
          -118.251427,
          34.0549665
        ]
      },
      "id": "node/6215061051"
    },
    {
      "type": "Feature",
      "properties": {
        "@id": "node/6215401894",
        "light_rail": "yes",
        "name": "Expo/Crenshaw",
        "network": "Metro Rail",
        "network:wikidata": "Q1339558",
        "network:wikipedia": "en:Los Angeles Metro Rail",
        "operator": "Los Angeles County Metropolitan Transportation Authority",
        "operator:wikidata": "Q3259702",
        "operator:wikipedia": "en:Los Angeles County Metropolitan Transportation Authority",
        "owner": "Los Angeles County Metropolitan Transportation Authority",
        "owner:wikidata": "Q3259702",
        "owner:wikipedia": "en:Los Angeles County Metropolitan Transportation Authority",
        "public_transport": "stop_position",
        "railway": "stop",
        "wikidata": "Q1953847",
        "wikipedia": "en:Expo/Crenshaw station"
      },
      "geometry": {
        "type": "Point",
        "coordinates": [
          -118.334895,
          34.0219841
        ]
      },
      "id": "node/6215401894"
    },
    {
      "type": "Feature",
      "properties": {
        "@id": "node/6215401903",
        "light_rail": "yes",
        "name": "Leimert Park",
        "network": "Metro Rail",
        "network:wikidata": "Q1339558",
        "network:wikipedia": "en:Los Angeles Metro Rail",
        "operator": "Los Angeles County Metropolitan Transportation Authority",
        "operator:wikidata": "Q3259702",
        "operator:wikipedia": "en:Los Angeles County Metropolitan Transportation Authority",
        "owner": "Los Angeles County Metropolitan Transportation Authority",
        "owner:wikidata": "Q3259702",
        "owner:wikipedia": "en:Los Angeles County Metropolitan Transportation Authority",
        "public_transport": "stop_position",
        "railway": "stop",
        "wikidata": "Q16981163",
        "wikipedia": "en:Leimert Park station"
      },
      "geometry": {
        "type": "Point",
        "coordinates": [
          -118.332699,
          34.0046052
        ]
      },
      "id": "node/6215401903"
    },
    {
      "type": "Feature",
      "properties": {
        "@id": "node/6215401915",
        "light_rail": "yes",
        "name": "Leimert Park",
        "network": "Metro Rail",
        "network:wikidata": "Q1339558",
        "network:wikipedia": "en:Los Angeles Metro Rail",
        "operator": "Los Angeles County Metropolitan Transportation Authority",
        "operator:wikidata": "Q3259702",
        "operator:wikipedia": "en:Los Angeles County Metropolitan Transportation Authority",
        "owner": "Los Angeles County Metropolitan Transportation Authority",
        "owner:wikidata": "Q3259702",
        "owner:wikipedia": "en:Los Angeles County Metropolitan Transportation Authority",
        "public_transport": "stop_position",
        "railway": "stop",
        "wikidata": "Q16981163",
        "wikipedia": "en:Leimert Park station"
      },
      "geometry": {
        "type": "Point",
        "coordinates": [
          -118.332639,
          34.0046536
        ]
      },
      "id": "node/6215401915"
    },
    {
      "type": "Feature",
      "properties": {
        "@id": "node/6215401937",
        "light_rail": "yes",
        "name": "Hyde Park",
        "network": "Metro Rail",
        "network:wikidata": "Q1339558",
        "network:wikipedia": "en:Los Angeles Metro Rail",
        "operator": "Los Angeles County Metropolitan Transportation Authority",
        "operator:wikidata": "Q3259702",
        "operator:wikipedia": "en:Los Angeles County Metropolitan Transportation Authority",
        "owner": "Los Angeles County Metropolitan Transportation Authority",
        "owner:wikidata": "Q3259702",
        "owner:wikipedia": "en:Los Angeles County Metropolitan Transportation Authority",
        "public_transport": "stop_position",
        "railway": "stop",
        "wikidata": "Q16974343",
        "wikipedia": "en:Hyde Park station (Los Angeles Metro)"
      },
      "geometry": {
        "type": "Point",
        "coordinates": [
          -118.330882,
          33.9883591
        ]
      },
      "id": "node/6215401937"
    },
    {
      "type": "Feature",
      "properties": {
        "@id": "node/6217647182",
        "name": "Wilshire/Vermont",
        "network": "LACMTA",
        "operator": "Los Angeles County Metropolitan Transportation Authority",
        "public_transport": "stop_position",
        "railway": "stop",
        "subway": "yes"
      },
      "geometry": {
        "type": "Point",
        "coordinates": [
          -118.2899299,
          34.0624166
        ]
      },
      "id": "node/6217647182"
    },
    {
      "type": "Feature",
      "properties": {
        "@id": "node/6217647183",
        "name": "Wilshire/Vermont",
        "network": "LACMTA",
        "operator": "Los Angeles County Metropolitan Transportation Authority",
        "public_transport": "stop_position",
        "railway": "stop",
        "subway": "yes"
      },
      "geometry": {
        "type": "Point",
        "coordinates": [
          -118.2911439,
          34.0631236
        ]
      },
      "id": "node/6217647183"
    },
    {
      "type": "Feature",
      "properties": {
        "@id": "node/6217647184",
        "name": "North Hollywood",
        "network": "LACMTA",
        "operator": "Los Angeles County Metropolitan Transportation Authority",
        "public_transport": "stop_position",
        "railway": "stop",
        "subway": "yes"
      },
      "geometry": {
        "type": "Point",
        "coordinates": [
          -118.3766138,
          34.1681937
        ]
      },
      "id": "node/6217647184"
    },
    {
      "type": "Feature",
      "properties": {
        "@id": "node/6217648785",
        "name": "North Hollywood",
        "network": "LACMTA",
        "operator": "Los Angeles County Metropolitan Transportation Authority",
        "public_transport": "stop_position",
        "railway": "stop",
        "subway": "yes"
      },
      "geometry": {
        "type": "Point",
        "coordinates": [
          -118.3773181,
          34.1694684
        ]
      },
      "id": "node/6217648785"
    },
    {
      "type": "Feature",
      "properties": {
        "@id": "node/6217648786",
        "name": "Wilshire/Normandie",
        "network": "LACMTA",
        "operator": "Los Angeles County Metropolitan Transportation Authority",
        "public_transport": "station",
        "railway": "station",
        "station": "subway",
        "subway": "yes",
        "wikidata": "Q195882"
      },
      "geometry": {
        "type": "Point",
        "coordinates": [
          -118.3009228,
          34.0614318
        ]
      },
      "id": "node/6217648786"
    },
    {
      "type": "Feature",
      "properties": {
        "@id": "node/6217648787",
        "air_conditioning": "no",
        "internet_access": "yes",
        "name": "Vermont/Sunset",
        "network": "LACMTA",
        "operator": "Los Angeles County Metropolitan Transportation Authority",
        "public_transport": "station",
        "railway": "station",
        "station": "subway",
        "subway": "yes",
        "wheelchair": "yes",
        "wikidata": "Q196108"
      },
      "geometry": {
        "type": "Point",
        "coordinates": [
          -118.291557,
          34.0983459
        ]
      },
      "id": "node/6217648787"
    },
    {
      "type": "Feature",
      "properties": {
        "@id": "node/6217648788",
        "name": "Hollywood/Western",
        "network": "LACMTA",
        "operator": "Los Angeles County Metropolitan Transportation Authority",
        "public_transport": "station",
        "railway": "station",
        "station": "subway",
        "subway": "yes",
        "wheelchair": "yes",
        "wikidata": "Q196293"
      },
      "geometry": {
        "type": "Point",
        "coordinates": [
          -118.3090574,
          34.1015578
        ]
      },
      "id": "node/6217648788"
    },
    {
      "type": "Feature",
      "properties": {
        "@id": "node/6217648789",
        "name": "Vermont/Beverly",
        "network": "LACMTA",
        "operator": "Los Angeles County Metropolitan Transportation Authority",
        "public_transport": "station",
        "railway": "station",
        "station": "subway",
        "subway": "yes",
        "wikidata": "Q196111"
      },
      "geometry": {
        "type": "Point",
        "coordinates": [
          -118.2919583,
          34.0766342
        ]
      },
      "id": "node/6217648789"
    },
    {
      "type": "Feature",
      "properties": {
        "@id": "node/6217648790",
        "name": "Wilshire/Western",
        "network": "LACMTA",
        "operator": "Los Angeles County Metropolitan Transportation Authority",
        "public_transport": "station",
        "railway": "station",
        "station": "subway",
        "subway": "yes",
        "wikidata": "Q196268"
      },
      "geometry": {
        "type": "Point",
        "coordinates": [
          -118.3088618,
          34.0621149
        ]
      },
      "id": "node/6217648790"
    },
    {
      "type": "Feature",
      "properties": {
        "@id": "node/6217648791",
        "name": "Westlake/MacArthur Park",
        "network": "LACMTA",
        "operator": "Los Angeles County Metropolitan Transportation Authority",
        "public_transport": "station",
        "railway": "station",
        "station": "subway",
        "subway": "yes",
        "wikidata": "Q2690377"
      },
      "geometry": {
        "type": "Point",
        "coordinates": [
          -118.2754786,
          34.05674
        ]
      },
      "id": "node/6217648791"
    },
    {
      "type": "Feature",
      "properties": {
        "@id": "node/6217648792",
        "name": "Hollywood/Vine",
        "network": "LACMTA",
        "operator": "Los Angeles County Metropolitan Transportation Authority",
        "public_transport": "station",
        "railway": "station",
        "station": "subway",
        "subway": "yes",
        "wikidata": "Q196289"
      },
      "geometry": {
        "type": "Point",
        "coordinates": [
          -118.3257421,
          34.1014183
        ]
      },
      "id": "node/6217648792"
    },
    {
      "type": "Feature",
      "properties": {
        "@id": "node/6217648793",
        "air_conditioning": "yes",
        "internet_access": "wlan",
        "name": "Universal City/Studio City",
        "network": "LACMTA",
        "operator": "Los Angeles County Metropolitan Transportation Authority",
        "public_transport": "station",
        "railway": "station",
        "station": "subway",
        "subway": "yes",
        "wheelchair": "yes",
        "wikidata": "Q4383340"
      },
      "geometry": {
        "type": "Point",
        "coordinates": [
          -118.362359,
          34.1393585
        ]
      },
      "id": "node/6217648793"
    },
    {
      "type": "Feature",
      "properties": {
        "@id": "node/6217648794",
        "addr:city": "Los Angeles",
        "addr:housenumber": "6801",
        "addr:postcode": "90028",
        "addr:state": "CA",
        "addr:street": "Hollywood Boulevard",
        "air_conditioning": "yes",
        "internet_access": "wlan",
        "name": "Hollywood/Highland",
        "network": "LACMTA",
        "operator": "Los Angeles County Metropolitan Transportation Authority",
        "public_transport": "station",
        "railway": "station",
        "station": "subway",
        "subway": "yes",
        "wheelchair": "yes",
        "wikidata": "Q196224"
      },
      "geometry": {
        "type": "Point",
        "coordinates": [
          -118.339251,
          34.1017097
        ]
      },
      "id": "node/6217648794"
    },
    {
      "type": "Feature",
      "properties": {
        "@id": "node/6217648795",
        "name": "Vermont/Santa Monica",
        "network": "LACMTA",
        "operator": "Los Angeles County Metropolitan Transportation Authority",
        "public_transport": "station",
        "railway": "station",
        "station": "subway",
        "subway": "yes",
        "wikidata": "Q2690361"
      },
      "geometry": {
        "type": "Point",
        "coordinates": [
          -118.292044,
          34.090641
        ]
      },
      "id": "node/6217648795"
    },
    {
      "type": "Feature",
      "properties": {
        "@id": "node/6219631004",
        "check_date": "2023-06-15",
        "light_rail": "yes",
        "location": "underground",
        "name": "Historic Broadway",
        "network": "LACMTA",
        "operator": "Los Angeles County Metropolitan Transportation Authority",
        "public_transport": "station",
        "railway": "station",
        "start_date": "2023-06-16",
        "station": "light_rail",
        "wheelchair": "yes",
        "wikidata": "Q30623952"
      },
      "geometry": {
        "type": "Point",
        "coordinates": [
          -118.246531,
          34.0520767
        ]
      },
      "id": "node/6219631004"
    },
    {
      "type": "Feature",
      "properties": {
        "@id": "node/6273260336",
        "light_rail": "yes",
        "name": "Martin Luther King Jr.",
        "network": "Metro Rail",
        "network:wikidata": "Q1339558",
        "network:wikipedia": "en:Los Angeles Metro Rail",
        "operator": "Los Angeles County Metropolitan Transportation Authority",
        "operator:wikidata": "Q3259702",
        "operator:wikipedia": "en:Los Angeles County Metropolitan Transportation Authority",
        "owner": "Los Angeles County Metropolitan Transportation Authority",
        "owner:wikidata": "Q3259702",
        "owner:wikipedia": "en:Los Angeles County Metropolitan Transportation Authority",
        "public_transport": "stop_position",
        "railway": "stop",
        "wikidata": "Q16974341",
        "wikipedia": "en:Martin Luther King Jr. station (Los Angeles Metro)"
      },
      "geometry": {
        "type": "Point",
        "coordinates": [
          -118.3353341,
          34.010279
        ]
      },
      "id": "node/6273260336"
    },
    {
      "type": "Feature",
      "properties": {
        "@id": "node/6273260337",
        "light_rail": "yes",
        "name": "Martin Luther King Jr.",
        "network": "Metro Rail",
        "network:wikidata": "Q1339558",
        "network:wikipedia": "en:Los Angeles Metro Rail",
        "operator": "Los Angeles County Metropolitan Transportation Authority",
        "operator:wikidata": "Q3259702",
        "operator:wikipedia": "en:Los Angeles County Metropolitan Transportation Authority",
        "owner": "Los Angeles County Metropolitan Transportation Authority",
        "owner:wikidata": "Q3259702",
        "owner:wikipedia": "en:Los Angeles County Metropolitan Transportation Authority",
        "public_transport": "stop_position",
        "railway": "stop",
        "wikidata": "Q16974341",
        "wikipedia": "en:Martin Luther King Jr. station (Los Angeles Metro)"
      },
      "geometry": {
        "type": "Point",
        "coordinates": [
          -118.3354153,
          34.0102809
        ]
      },
      "id": "node/6273260337"
    },
    {
      "type": "Feature",
      "properties": {
        "@id": "node/6308791047",
        "amenity": "bus_station",
        "bus": "yes",
        "name": "Pacific Coast Highway",
        "network": "J Line",
        "operator": "Los Angeles County Metropolitan Transportation Authority",
        "public_transport": "station"
      },
      "geometry": {
        "type": "Point",
        "coordinates": [
          -118.282054,
          33.79053
        ]
      },
      "id": "node/6308791047"
    },
    {
      "type": "Feature",
      "properties": {
        "@id": "node/6308791560",
        "bus": "yes",
        "name": "Carson",
        "network": "LACMTA",
        "operator": "Los Angeles County Metropolitan Transportation Authority",
        "public_transport": "station"
      },
      "geometry": {
        "type": "Point",
        "coordinates": [
          -118.287402,
          33.8315917
        ]
      },
      "id": "node/6308791560"
    },
    {
      "type": "Feature",
      "properties": {
        "@id": "node/6581342361",
        "light_rail": "yes",
        "name": "Glendora",
        "network": "LACMTA",
        "operator": "Los Angeles County Metropolitan Transportation Authority",
        "public_transport": "stop_position",
        "railway": "stop"
      },
      "geometry": {
        "type": "Point",
        "coordinates": [
          -117.8667312,
          34.1322071
        ]
      },
      "id": "node/6581342361"
    },
    {
      "type": "Feature",
      "properties": {
        "@id": "node/6856592732",
        "public_transport": "stop_position",
        "railway": "stop",
        "tram": "yes"
      },
      "geometry": {
        "type": "Point",
        "coordinates": [
          -117.9199696,
          33.7608463
        ]
      },
      "id": "node/6856592732"
    },
    {
      "type": "Feature",
      "properties": {
        "@id": "node/6862277622",
        "public_transport": "stop_position",
        "railway": "stop",
        "tram": "yes"
      },
      "geometry": {
        "type": "Point",
        "coordinates": [
          -117.9199277,
          33.760894
        ]
      },
      "id": "node/6862277622"
    },
    {
      "type": "Feature",
      "properties": {
        "@id": "node/6862277629",
        "construction": "light_rail",
        "construction:railway": "station",
        "light_rail": "yes",
        "name": "Fairview",
        "network": "OC Streetcar",
        "operator": "Orange County Transportation Authority",
        "public_transport": "stop_position",
        "railway": "stop"
      },
      "geometry": {
        "type": "Point",
        "coordinates": [
          -117.9039689,
          33.7509989
        ]
      },
      "id": "node/6862277629"
    },
    {
      "type": "Feature",
      "properties": {
        "@id": "node/6862277652",
        "construction": "tram",
        "construction:railway": "station",
        "name": "Raitt",
        "network": "OC Streetcar",
        "operator": "Orange County Transportation Authority",
        "public_transport": "stop_position",
        "railway": "stop",
        "tram": "yes"
      },
      "geometry": {
        "type": "Point",
        "coordinates": [
          -117.8933112,
          33.7478454
        ]
      },
      "id": "node/6862277652"
    },
    {
      "type": "Feature",
      "properties": {
        "@id": "node/6862277653",
        "construction": "tram",
        "construction:railway": "station",
        "name": "Raitt",
        "network": "OC Streetcar",
        "operator": "Orange County Transportation Authority",
        "public_transport": "stop_position",
        "railway": "stop",
        "tram": "yes"
      },
      "geometry": {
        "type": "Point",
        "coordinates": [
          -117.893505,
          33.7479067
        ]
      },
      "id": "node/6862277653"
    },
    {
      "type": "Feature",
      "properties": {
        "@id": "node/6862277655",
        "construction": "tram",
        "construction:railway": "station",
        "name": "Bristol Street",
        "network": "OC Streetcar",
        "operator": "Orange County Transportation Authority",
        "public_transport": "stop_position",
        "railway": "stop",
        "tram": "yes"
      },
      "geometry": {
        "type": "Point",
        "coordinates": [
          -117.885769,
          33.7479839
        ]
      },
      "id": "node/6862277655"
    },
    {
      "type": "Feature",
      "properties": {
        "@id": "node/6862277657",
        "construction": "tram",
        "construction:railway": "station",
        "name": "Flower",
        "network": "OC Streetcar",
        "operator": "Orange County Transportation Authority",
        "public_transport": "stop_position",
        "railway": "stop",
        "tram": "yes"
      },
      "geometry": {
        "type": "Point",
        "coordinates": [
          -117.876136,
          33.7480481
        ]
      },
      "id": "node/6862277657"
    },
    {
      "type": "Feature",
      "properties": {
        "@id": "node/7065480880",
        "amenity": "bus_station",
        "bus": "yes",
        "name": "Downtown Burbank Station",
        "public_transport": "station",
        "wheelchair": "yes"
      },
      "geometry": {
        "type": "Point",
        "coordinates": [
          -118.3124648,
          34.1788622
        ]
      },
      "id": "node/7065480880"
    },
    {
      "type": "Feature",
      "properties": {
        "@id": "node/7321294011",
        "addr:city": "Inglewood",
        "addr:housenumber": "1040",
        "addr:postcode": "90301",
        "addr:state": "CA",
        "addr:street": "West Florence Avenue",
        "light_rail": "yes",
        "name": "Westchester/Veterans",
        "network": "Metro Rail",
        "network:wikidata": "Q1339558",
        "network:wikipedia": "en:Los Angeles Metro Rail",
        "operator": "Los Angeles County Metropolitan Transportation Authority",
        "operator:wikidata": "Q3259702",
        "operator:wikipedia": "en:Los Angeles County Metropolitan Transportation Authority",
        "owner": "Los Angeles County Metropolitan Transportation Authority",
        "owner:wikidata": "Q3259702",
        "owner:wikipedia": "en:Los Angeles County Metropolitan Transportation Authority",
        "public_transport": "station",
        "railway": "station",
        "station": "light_rail",
        "wheelchair": "yes",
        "wikidata": "Q16975762",
        "wikipedia": "en:Westchester/Veterans station"
      },
      "geometry": {
        "type": "Point",
        "coordinates": [
          -118.374567,
          33.961979
        ]
      },
      "id": "node/7321294011"
    },
    {
      "type": "Feature",
      "properties": {
        "@id": "node/7321294012",
        "addr:city": "Inglewood",
        "addr:housenumber": "321",
        "addr:postcode": "90301",
        "addr:state": "CA",
        "addr:street": "East Florence Avenue",
        "light_rail": "yes",
        "name": "Downtown Inglewood",
        "network": "Metro Rail",
        "network:wikidata": "Q1339558",
        "network:wikipedia": "en:Los Angeles Metro Rail",
        "operator": "Los Angeles County Metropolitan Transportation Authority",
        "operator:wikidata": "Q3259702",
        "operator:wikipedia": "en:Los Angeles County Metropolitan Transportation Authority",
        "owner": "Los Angeles County Metropolitan Transportation Authority",
        "owner:wikidata": "Q3259702",
        "owner:wikipedia": "en:Los Angeles County Metropolitan Transportation Authority",
        "public_transport": "station",
        "railway": "station",
        "station": "light_rail",
        "wikidata": "Q16974837",
        "wikipedia": "en:Downtown Inglewood station"
      },
      "geometry": {
        "type": "Point",
        "coordinates": [
          -118.351423,
          33.9672685
        ]
      },
      "id": "node/7321294012"
    },
    {
      "type": "Feature",
      "properties": {
        "@id": "node/7321294013",
        "addr:city": "Inglewood",
        "addr:housenumber": "1130",
        "addr:postcode": "90302",
        "addr:state": "CA",
        "addr:street": "East Redondo Boulevard",
        "light_rail": "yes",
        "name": "Fairview Heights",
        "network": "Metro Rail",
        "network:wikidata": "Q1339558",
        "network:wikipedia": "en:Los Angeles Metro Rail",
        "operator": "Los Angeles County Metropolitan Transportation Authority",
        "operator:wikidata": "Q3259702",
        "operator:wikipedia": "en:Los Angeles County Metropolitan Transportation Authority",
        "owner": "Los Angeles County Metropolitan Transportation Authority",
        "owner:wikidata": "Q3259702",
        "owner:wikipedia": "en:Los Angeles County Metropolitan Transportation Authority",
        "public_transport": "station",
        "railway": "station",
        "start_date": "2022-10-07",
        "station": "light_rail",
        "wikidata": "Q16974841",
        "wikipedia": "en:Fairview Heights station (Los Angeles Metro)"
      },
      "geometry": {
        "type": "Point",
        "coordinates": [
          -118.336272,
          33.9751834
        ]
      },
      "id": "node/7321294013"
    },
    {
      "type": "Feature",
      "properties": {
        "@id": "node/7321294016",
        "addr:city": "Los Angeles",
        "addr:housenumber": "5835",
        "addr:postcode": "90043",
        "addr:state": "CA",
        "addr:street": "South Crenshaw Boulevard",
        "light_rail": "yes",
        "name": "Hyde Park",
        "network": "Metro Rail",
        "network:wikidata": "Q1339558",
        "network:wikipedia": "en:Los Angeles Metro Rail",
        "operator": "Los Angeles County Metropolitan Transportation Authority",
        "operator:wikidata": "Q3259702",
        "operator:wikipedia": "en:Los Angeles County Metropolitan Transportation Authority",
        "owner": "Los Angeles County Metropolitan Transportation Authority",
        "owner:wikidata": "Q3259702",
        "owner:wikipedia": "en:Los Angeles County Metropolitan Transportation Authority",
        "public_transport": "station",
        "railway": "station",
        "station": "light_rail",
        "wikidata": "Q16974343",
        "wikipedia": "en:Hyde Park station (Los Angeles Metro)"
      },
      "geometry": {
        "type": "Point",
        "coordinates": [
          -118.330841,
          33.9883602
        ]
      },
      "id": "node/7321294016"
    },
    {
      "type": "Feature",
      "properties": {
        "@id": "node/7321294017",
        "addr:city": "Los Angeles",
        "addr:housenumber": "4330",
        "addr:postcode": "90008",
        "addr:state": "CA",
        "addr:street": "South Crenshaw Boulevard",
        "light_rail": "yes",
        "name": "Leimert Park",
        "network": "Metro Rail",
        "network:wikidata": "Q1339558",
        "network:wikipedia": "en:Los Angeles Metro Rail",
        "operator": "Los Angeles County Metropolitan Transportation Authority",
        "operator:wikidata": "Q3259702",
        "operator:wikipedia": "en:Los Angeles County Metropolitan Transportation Authority",
        "owner": "Los Angeles County Metropolitan Transportation Authority",
        "owner:wikidata": "Q3259702",
        "owner:wikipedia": "en:Los Angeles County Metropolitan Transportation Authority",
        "public_transport": "station",
        "railway": "station",
        "start_date": "2022-10-07",
        "station": "light_rail",
        "wikidata": "Q16981163",
        "wikipedia": "en:Leimert Park station"
      },
      "geometry": {
        "type": "Point",
        "coordinates": [
          -118.332669,
          34.0046294
        ]
      },
      "id": "node/7321294017"
    },
    {
      "type": "Feature",
      "properties": {
        "@id": "node/7321294018",
        "addr:city": "Los Angeles",
        "addr:housenumber": "4051",
        "addr:postcode": "90008",
        "addr:state": "CA",
        "addr:street": "South Crenshaw Boulevard",
        "light_rail": "yes",
        "name": "Martin Luther King Jr.",
        "network": "Metro Rail",
        "network:wikidata": "Q1339558",
        "network:wikipedia": "en:Los Angeles Metro Rail",
        "operator": "Los Angeles County Metropolitan Transportation Authority",
        "operator:wikidata": "Q3259702",
        "operator:wikipedia": "en:Los Angeles County Metropolitan Transportation Authority",
        "owner": "Los Angeles County Metropolitan Transportation Authority",
        "owner:wikidata": "Q3259702",
        "owner:wikipedia": "en:Los Angeles County Metropolitan Transportation Authority",
        "public_transport": "station",
        "railway": "station",
        "station": "light_rail",
        "wikidata": "Q16974341",
        "wikipedia": "en:Martin Luther King Jr. station (Los Angeles Metro)"
      },
      "geometry": {
        "type": "Point",
        "coordinates": [
          -118.3353753,
          34.0102787
        ]
      },
      "id": "node/7321294018"
    },
    {
      "type": "Feature",
      "properties": {
        "@id": "node/7342759373",
        "name": "Swinford Street/Cruise Center",
        "public_transport": "station",
        "tram": "yes"
      },
      "geometry": {
        "type": "Point",
        "coordinates": [
          -118.2800219,
          33.7482864
        ]
      },
      "id": "node/7342759373"
    },
    {
      "type": "Feature",
      "properties": {
        "@id": "node/7365824840",
        "check_date": "2023-06-15",
        "name": "Little Tokyo/Arts District",
        "network": "LACMTA",
        "operator": "Los Angeles County Metropolitan Transportation Authority",
        "public_transport": "station",
        "railway": "station",
        "start_date": "2023-06-16",
        "station": "light_rail",
        "subway": "yes",
        "wheelchair": "yes",
        "wikidata": "Q2689926"
      },
      "geometry": {
        "type": "Point",
        "coordinates": [
          -118.238748,
          34.0488626
        ]
      },
      "id": "node/7365824840"
    },
    {
      "type": "Feature",
      "properties": {
        "@id": "node/7678906476",
        "name": "Vermont/Beverly",
        "network": "LACMTA",
        "operator": "Los Angeles County Metropolitan Transportation Authority",
        "public_transport": "stop_position",
        "railway": "stop",
        "subway": "yes"
      },
      "geometry": {
        "type": "Point",
        "coordinates": [
          -118.2916764,
          34.0778715
        ]
      },
      "id": "node/7678906476"
    },
    {
      "type": "Feature",
      "properties": {
        "@id": "node/7722249419",
        "amenity": "bus_station",
        "bus": "yes",
        "name": "Cal State LA",
        "network": "LACMTA",
        "public_transport": "station",
        "wheelchair": "yes",
        "wikidata": "Q502211"
      },
      "geometry": {
        "type": "Point",
        "coordinates": [
          -118.1680073,
          34.0628744
        ]
      },
      "id": "node/7722249419"
    },
    {
      "type": "Feature",
      "properties": {
        "@id": "node/7771750930",
        "amenity": "bus_station",
        "bus": "yes",
        "public_transport": "station"
      },
      "geometry": {
        "type": "Point",
        "coordinates": [
          -117.9958613,
          33.9443803
        ]
      },
      "id": "node/7771750930"
    },
    {
      "type": "Feature",
      "properties": {
        "@id": "node/7995873700",
        "amenity": "bus_station",
        "bus": "yes",
        "public_transport": "station"
      },
      "geometry": {
        "type": "Point",
        "coordinates": [
          -118.0607242,
          33.9165228
        ]
      },
      "id": "node/7995873700"
    },
    {
      "type": "Feature",
      "properties": {
        "@id": "node/8122573042",
        "addr:city": "Glendale",
        "addr:country": "US",
        "addr:housenumber": "440",
        "addr:state": "CA",
        "addr:street": "West Cerritos Avenue",
        "name": "Glendale",
        "network": "Amtrak;Metrolink",
        "public_transport": "station",
        "railway": "station",
        "railway:position": "mi:5.8",
        "railway:ref": "GDL",
        "train": "yes",
        "wheelchair": "yes",
        "wikidata": "Q501640"
      },
      "geometry": {
        "type": "Point",
        "coordinates": [
          -118.259173,
          34.1235724
        ]
      },
      "id": "node/8122573042"
    },
    {
      "type": "Feature",
      "properties": {
        "@id": "node/8132548825",
        "name": "Vermont/Sunset",
        "network": "LACMTA",
        "operator": "Los Angeles County Metropolitan Transportation Authority",
        "public_transport": "stop_position",
        "railway": "stop",
        "subway": "yes"
      },
      "geometry": {
        "type": "Point",
        "coordinates": [
          -118.291732,
          34.0997419
        ]
      },
      "id": "node/8132548825"
    },
    {
      "type": "Feature",
      "properties": {
        "@id": "node/8498373369",
        "amenity": "bus_station",
        "bus": "yes",
        "name": "Harbor Freeway",
        "network": "LACMTA",
        "operator": "Los Angeles County Metropolitan Transportation Authority",
        "public_transport": "station",
        "wikidata": "Q4798048"
      },
      "geometry": {
        "type": "Point",
        "coordinates": [
          -118.280784,
          33.9287158
        ]
      },
      "id": "node/8498373369"
    },
    {
      "type": "Feature",
      "properties": {
        "@id": "node/8498373370",
        "amenity": "bus_station",
        "bus": "yes",
        "name": "North Hollywood",
        "network": "LACMTA",
        "operator": "Los Angeles County Metropolitan Transportation Authority",
        "public_transport": "station",
        "wikidata": "Q7055656"
      },
      "geometry": {
        "type": "Point",
        "coordinates": [
          -118.3764071,
          34.1687979
        ]
      },
      "id": "node/8498373370"
    },
    {
      "type": "Feature",
      "properties": {
        "@id": "node/8498373371",
        "name": "North Hollywood",
        "network": "LACMTA",
        "operator": "Los Angeles County Metropolitan Transportation Authority",
        "public_transport": "station",
        "railway": "station",
        "station": "subway",
        "subway": "yes",
        "wheelchair": "no",
        "wikidata": "Q7055656"
      },
      "geometry": {
        "type": "Point",
        "coordinates": [
          -118.3766314,
          34.168894
        ]
      },
      "id": "node/8498373371"
    },
    {
      "type": "Feature",
      "properties": {
        "@id": "node/9288941037",
        "addr:city": "Compton",
        "addr:housenumber": "15103",
        "addr:postcode": "90221",
        "addr:state": "CA",
        "addr:street": "Atlantic Avenue",
        "amenity": "bus_station",
        "bus": "yes",
        "fixme": "Unsure of how to tag this.",
        "name": "Fronteras Del Norte",
        "public_transport": "station",
        "website": "https://travelfronteras.com/"
      },
      "geometry": {
        "type": "Point",
        "coordinates": [
          -118.1939923,
          33.8957144
        ]
      },
      "id": "node/9288941037"
    },
    {
      "type": "Feature",
      "properties": {
        "@id": "node/9380768632",
        "amenity": "bus_station",
        "bus": "yes",
        "name": "Woodley",
        "network": "LACMTA",
        "operator": "Los Angeles County Metropolitan Transportation Authority",
        "public_transport": "station",
        "wikidata": "Q8033054"
      },
      "geometry": {
        "type": "Point",
        "coordinates": [
          -118.4839562,
          34.1863318
        ]
      },
      "id": "node/9380768632"
    },
    {
      "type": "Feature",
      "properties": {
        "@id": "node/10088767531",
        "light_rail": "yes",
        "name": "LAX/Metro Transit Center",
        "network": "Metro Rail",
        "network:wikidata": "Q1339558",
        "network:wikipedia": "en:Los Angeles Metro Rail",
        "operator": "Los Angeles County Metropolitan Transportation Authority",
        "operator:wikidata": "Q3259702",
        "operator:wikipedia": "en:Los Angeles County Metropolitan Transportation Authority",
        "owner": "Los Angeles County Metropolitan Transportation Authority",
        "owner:wikidata": "Q3259702",
        "owner:wikipedia": "en:Los Angeles County Metropolitan Transportation Authority",
        "public_transport": "station",
        "railway": "station",
        "station": "light_rail",
        "website": "https://www.metro.net/lax-metro-transit-center/",
        "wheelchair": "yes",
        "wikidata": "Q28197629",
        "wikipedia": "en:LAX/Metro Transit Center"
      },
      "geometry": {
        "type": "Point",
        "coordinates": [
          -118.3786687,
          33.9499022
        ]
      },
      "id": "node/10088767531"
    },
    {
      "type": "Feature",
      "properties": {
        "@id": "node/10088767532",
        "addr:city": "Los Angeles",
        "addr:housenumber": "5601",
        "addr:postcode": "90045",
        "addr:state": "CA",
        "addr:street": "West Century Boulevard",
        "light_rail": "yes",
        "name": "Aviation/Century",
        "network": "Metro Rail",
        "network:wikidata": "Q1339558",
        "network:wikipedia": "en:Los Angeles Metro Rail",
        "operator": "Los Angeles County Metropolitan Transportation Authority",
        "operator:wikidata": "Q3259702",
        "operator:wikipedia": "en:Los Angeles County Metropolitan Transportation Authority",
        "owner": "Los Angeles County Metropolitan Transportation Authority",
        "owner:wikidata": "Q3259702",
        "owner:wikipedia": "en:Los Angeles County Metropolitan Transportation Authority",
        "public_transport": "station",
        "railway": "station",
        "station": "light_rail",
        "wikidata": "Q16974070",
        "wikipedia": "en:Aviation/Century station"
      },
      "geometry": {
        "type": "Point",
        "coordinates": [
          -118.378717,
          33.9459385
        ]
      },
      "id": "node/10088767532"
    },
    {
      "type": "Feature",
      "properties": {
        "@id": "node/10547866119",
        "addr:city": "Pacoima",
        "addr:housenumber": "10455",
        "addr:postcode": "91331",
        "addr:state": "CA",
        "addr:street": "Laurel Canyon Boulevard",
        "amenity": "bus_station",
        "bus": "yes",
        "description": "boarding only",
        "name": "Santiago Express - Pacoima",
        "network": "Santiago Express",
        "operator": "Santiago Express",
        "phone": "+1-323-674-6807",
        "public_transport": "station",
        "website": "https://santiagoexpress.mx/destinos.php"
      },
      "geometry": {
        "type": "Point",
        "coordinates": [
          -118.434116,
          34.2595686
        ]
      },
      "id": "node/10547866119"
    },
    {
      "type": "Feature",
      "properties": {
        "@id": "node/10547888035",
        "addr:city": "Los Angeles",
        "addr:housenumber": "4740",
        "addr:postcode": "90022",
        "addr:state": "CA",
        "addr:street": "East Olympic Boulevard",
        "amenity": "bus_station",
        "bus": "yes",
        "name": "Santiago Express - Los Angeles",
        "network": "Santiago Express",
        "operator": "Santiago Express",
        "phone": "+1-323-354-4420",
        "public_transport": "station",
        "website": "https://santiagoexpress.mx/destinos.php"
      },
      "geometry": {
        "type": "Point",
        "coordinates": [
          -118.1667932,
          34.0178501
        ]
      },
      "id": "node/10547888035"
    },
    {
      "type": "Feature",
      "properties": {
        "@id": "node/10687121788",
        "amenity": "bus_station",
        "bus": "yes",
        "name": "Glendale Transportation Center",
        "public_transport": "station",
        "wheelchair": "yes"
      },
      "geometry": {
        "type": "Point",
        "coordinates": [
          -118.2600448,
          34.1248756
        ]
      },
      "id": "node/10687121788"
    },
    {
      "type": "Feature",
      "properties": {
        "@id": "node/10861666331",
        "light_rail": "yes",
        "name": "Grand Avenue Arts/Bunker Hill",
        "public_transport": "stop_position",
        "railway": "stop"
      },
      "geometry": {
        "type": "Point",
        "coordinates": [
          -118.2517723,
          34.054715
        ]
      },
      "id": "node/10861666331"
    },
    {
      "type": "Feature",
      "properties": {
        "@id": "node/10905828128",
        "name": "Fairplex",
        "network": "Metrolink",
        "public_transport": "stop_position",
        "railway": "stop",
        "train": "yes"
      },
      "geometry": {
        "type": "Point",
        "coordinates": [
          -117.7678349,
          34.0958913
        ]
      },
      "id": "node/10905828128"
    },
    {
      "type": "Feature",
      "properties": {
        "@id": "node/10905828129",
        "name": "Fairplex",
        "network": "Metrolink",
        "note": "special event service only",
        "public_transport": "station",
        "railway": "halt",
        "train": "yes"
      },
      "geometry": {
        "type": "Point",
        "coordinates": [
          -117.7678372,
          34.0958636
        ]
      },
      "id": "node/10905828129"
    },
    {
      "type": "Feature",
      "properties": {
        "@id": "node/11104057879",
        "amenity": "bus_station",
        "bus": "yes",
        "name": "Rose Hill Transit Center",
        "public_transport": "station"
      },
      "geometry": {
        "type": "Point",
        "coordinates": [
          -118.1871314,
          34.0861471
        ]
      },
      "id": "node/11104057879"
    },
    {
      "type": "Feature",
      "properties": {
        "@id": "node/11189854392",
        "light_rail": "yes",
        "name": "La Verne/Fairplex",
        "network": "LACMTA",
        "operator": "Los Angeles County Metropolitan Transportation Authority",
        "public_transport": "stop_position",
        "railway": "stop"
      },
      "geometry": {
        "type": "Point",
        "coordinates": [
          -117.7676979,
          34.0970843
        ]
      },
      "id": "node/11189854392"
    },
    {
      "type": "Feature",
      "properties": {
        "@id": "node/11270757816",
        "amenity": "bus_station",
        "bus": "yes",
        "name": "El Segundo",
        "network": "Amtrak",
        "operator": "Amtrak",
        "public_transport": "station"
      },
      "geometry": {
        "type": "Point",
        "coordinates": [
          -118.3835153,
          33.9066152
        ]
      },
      "id": "node/11270757816"
    },
    {
      "type": "Feature",
      "properties": {
        "@id": "node/11270757817",
        "amenity": "bus_station",
        "bus": "yes",
        "public_transport": "station"
      },
      "geometry": {
        "type": "Point",
        "coordinates": [
          -118.3835702,
          33.9067662
        ]
      },
      "id": "node/11270757817"
    },
    {
      "type": "Feature",
      "properties": {
        "@id": "node/11416417097",
        "amenity": "bus_station",
        "bus": "yes",
        "name": "Long Beach Transit Gallery",
        "operator": "Long Beach Transit",
        "public_transport": "station",
        "website": "https://ridelbt.com/long-beach-transit-gallery/"
      },
      "geometry": {
        "type": "Point",
        "coordinates": [
          -118.1907857,
          33.7680955
        ]
      },
      "id": "node/11416417097"
    },
    {
      "type": "Feature",
      "properties": {
        "@id": "node/11886432824",
        "light_rail": "yes",
        "name": "Little Tokyo/Arts District",
        "network": "LACMTA",
        "operator": "Los Angeles County Metropolitan Transportation Authority",
        "public_transport": "stop_position",
        "railway": "stop"
      },
      "geometry": {
        "type": "Point",
        "coordinates": [
          -118.238549,
          34.0488838
        ]
      },
      "id": "node/11886432824"
    },
    {
      "type": "Feature",
      "properties": {
        "@id": "node/11886432825",
        "light_rail": "yes",
        "name": "Little Tokyo/Arts District",
        "network": "LACMTA",
        "operator": "Los Angeles County Metropolitan Transportation Authority",
        "public_transport": "stop_position",
        "railway": "stop"
      },
      "geometry": {
        "type": "Point",
        "coordinates": [
          -118.2390196,
          34.0488235
        ]
      },
      "id": "node/11886432825"
    },
    {
      "type": "Feature",
      "properties": {
        "@id": "node/11933511507",
        "amenity": "ferry_terminal",
        "ferry": "yes",
        "name": "Aquarium Dock 4",
        "network": "Long Beach Transit",
        "network:wikidata": "Q6672372",
        "public_transport": "station",
        "wheelchair": "no"
      },
      "geometry": {
        "type": "Point",
        "coordinates": [
          -118.1942752,
          33.762092
        ]
      },
      "id": "node/11933511507"
    },
    {
      "type": "Feature",
      "properties": {
        "@id": "node/11933511516",
        "amenity": "ferry_terminal",
        "ferry": "yes",
        "name": "Queen Mary",
        "network": "Long Beach Transit",
        "network:wikidata": "Q6672372",
        "public_transport": "station"
      },
      "geometry": {
        "type": "Point",
        "coordinates": [
          -118.1921887,
          33.7537134
        ]
      },
      "id": "node/11933511516"
    },
    {
      "type": "Feature",
      "properties": {
        "@id": "node/11933511522",
        "amenity": "ferry_terminal",
        "ferry": "yes",
        "name": "Shoreline Village Dock 9",
        "network": "Long Beach Transit",
        "public_transport": "station"
      },
      "geometry": {
        "type": "Point",
        "coordinates": [
          -118.1921789,
          33.7602595
        ]
      },
      "id": "node/11933511522"
    },
    {
      "type": "Feature",
      "properties": {
        "@id": "node/11933561852",
        "amenity": "ferry_terminal",
        "ferry": "yes",
        "name": "Alamitos Bay Landing Berth 3",
        "network": "Long Beach Transit",
        "network:wikidata": "Q6672372",
        "public_transport": "station"
      },
      "geometry": {
        "type": "Point",
        "coordinates": [
          -118.1156565,
          33.748004
        ]
      },
      "id": "node/11933561852"
    },
    {
      "type": "Feature",
      "properties": {
        "@id": "node/11967771426",
        "amenity": "ferry_terminal",
        "ferry": "yes",
        "name": "Catalina Express",
        "public_transport": "station"
      },
      "geometry": {
        "type": "Point",
        "coordinates": [
          -118.1992743,
          33.7635049
        ]
      },
      "id": "node/11967771426"
    },
    {
      "type": "Feature",
      "properties": {
        "@id": "node/12329159854",
        "name": "Lacy",
        "network": "OC Streetcar",
        "operator": "Orange County Transportation Authority",
        "public_transport": "stop_position",
        "railway": "stop",
        "tram": "yes"
      },
      "geometry": {
        "type": "Point",
        "coordinates": [
          -117.8612428,
          33.7510348
        ]
      },
      "id": "node/12329159854"
    },
    {
      "type": "Feature",
      "properties": {
        "@id": "node/12329159899",
        "name": "Santa Ana Regional Transportation Center",
        "network": "OC Streetcar",
        "operator": "Orange County Transportation Authority",
        "public_transport": "stop_position",
        "railway": "stop",
        "tram": "yes"
      },
      "geometry": {
        "type": "Point",
        "coordinates": [
          -117.8572065,
          33.7516061
        ]
      },
      "id": "node/12329159899"
    },
    {
      "type": "Feature",
      "properties": {
        "@id": "node/12372582101",
        "amenity": "bus_station",
        "bus": "yes",
        "name": "LAX FlyAway airport shuttle",
        "opening_hours": "Mo-Su 03:00-23:30",
        "phone": "+1-866-435-9529",
        "public_transport": "station",
        "website": "http://laxflyaway.org"
      },
      "geometry": {
        "type": "Point",
        "coordinates": [
          -118.2333381,
          34.0547159
        ]
      },
      "id": "node/12372582101"
    },
    {
      "type": "Feature",
      "properties": {
        "@id": "node/12897337171",
        "amenity": "bus_station",
        "bus": "yes",
        "name": "LAX/Metro Transit Center",
        "public_transport": "station",
        "ref": "30042",
        "wikidata": "Q28197629",
        "wikipedia": "en:LAX/Metro Transit Center"
      },
      "geometry": {
        "type": "Point",
        "coordinates": [
          -118.3780982,
          33.9514844
        ]
      },
      "id": "node/12897337171"
    },
    {
      "type": "Feature",
      "properties": {
        "@id": "node/13156839725",
        "light_rail": "yes",
        "name": "Pomona North",
        "network": "LACMTA",
        "operator": "Los Angeles County Metropolitan Transportation Authority",
        "public_transport": "stop_position",
        "railway": "stop"
      },
      "geometry": {
        "type": "Point",
        "coordinates": [
          -117.7517832,
          34.0939378
        ]
      },
      "id": "node/13156839725"
    },
    {
      "type": "Feature",
      "properties": {
        "@id": "node/13156839726",
        "light_rail": "yes",
        "name": "Pomona North",
        "network": "LACMTA",
        "operator": "Los Angeles County Metropolitan Transportation Authority",
        "public_transport": "stop_position",
        "railway": "stop"
      },
      "geometry": {
        "type": "Point",
        "coordinates": [
          -117.7517846,
          34.0940271
        ]
      },
      "id": "node/13156839726"
    },
    {
      "type": "Feature",
      "properties": {
        "@id": "node/13156927201",
        "light_rail": "yes",
        "name": "La Verne/Fairplex",
        "network": "LACMTA",
        "operator": "Los Angeles County Metropolitan Transportation Authority",
        "public_transport": "station",
        "railway": "station",
        "station": "light_rail",
        "wikidata": "Q104849656"
      },
      "geometry": {
        "type": "Point",
        "coordinates": [
          -117.76811,
          34.0972267
        ]
      },
      "id": "node/13156927201"
    },
    {
      "type": "Feature",
      "properties": {
        "@id": "node/13156927202",
        "light_rail": "yes",
        "name": "La Verne/Fairplex",
        "network": "LACMTA",
        "operator": "Los Angeles County Metropolitan Transportation Authority",
        "public_transport": "stop_position",
        "railway": "stop"
      },
      "geometry": {
        "type": "Point",
        "coordinates": [
          -117.7685204,
          34.0973733
        ]
      },
      "id": "node/13156927202"
    },
    {
      "type": "Feature",
      "properties": {
        "@id": "node/13156942547",
        "light_rail": "yes",
        "name": "San Dimas",
        "network": "LACMTA",
        "operator": "Los Angeles County Metropolitan Transportation Authority",
        "public_transport": "stop_position",
        "railway": "stop"
      },
      "geometry": {
        "type": "Point",
        "coordinates": [
          -117.8063544,
          34.1053316
        ]
      },
      "id": "node/13156942547"
    },
    {
      "type": "Feature",
      "properties": {
        "@id": "node/13156942548",
        "light_rail": "yes",
        "name": "San Dimas",
        "network": "LACMTA",
        "operator": "Los Angeles County Metropolitan Transportation Authority",
        "public_transport": "stop_position",
        "railway": "stop"
      },
      "geometry": {
        "type": "Point",
        "coordinates": [
          -117.8053436,
          34.1050071
        ]
      },
      "id": "node/13156942548"
    },
    {
      "type": "Feature",
      "properties": {
        "@id": "node/13156942550",
        "light_rail": "yes",
        "name": "San Dimas",
        "network": "LACMTA",
        "operator": "Los Angeles County Metropolitan Transportation Authority",
        "public_transport": "station",
        "railway": "station",
        "station": "light_rail",
        "wikidata": "Q104849653"
      },
      "geometry": {
        "type": "Point",
        "coordinates": [
          -117.8058485,
          34.1051705
        ]
      },
      "id": "node/13156942550"
    },
    {
      "type": "Feature",
      "properties": {
        "@id": "node/13157044123",
        "light_rail": "yes",
        "name": "Glendora",
        "network": "LACMTA",
        "operator": "Los Angeles County Metropolitan Transportation Authority",
        "public_transport": "stop_position",
        "railway": "stop"
      },
      "geometry": {
        "type": "Point",
        "coordinates": [
          -117.8657791,
          34.1314888
        ]
      },
      "id": "node/13157044123"
    },
    {
      "type": "Feature",
      "properties": {
        "@id": "node/13157044124",
        "light_rail": "yes",
        "name": "Glendora",
        "network": "LACMTA",
        "operator": "Los Angeles County Metropolitan Transportation Authority",
        "public_transport": "station",
        "railway": "station",
        "station": "light_rail",
        "wikidata": "Q104849652"
      },
      "geometry": {
        "type": "Point",
        "coordinates": [
          -117.8662529,
          34.1318499
        ]
      },
      "id": "node/13157044124"
    },
    {
      "type": "Feature",
      "properties": {
        "@id": "node/13161931076",
        "light_rail": "yes",
        "name": "Grand Avenue Arts/Bunker Hill",
        "public_transport": "stop_position",
        "railway": "stop"
      },
      "geometry": {
        "type": "Point",
        "coordinates": [
          -118.2517638,
          34.0546502
        ]
      },
      "id": "node/13161931076"
    },
    {
      "type": "Feature",
      "properties": {
        "@id": "node/13161931078",
        "light_rail": "yes",
        "name": "Historic Broadway",
        "public_transport": "stop_position",
        "railway": "stop"
      },
      "geometry": {
        "type": "Point",
        "coordinates": [
          -118.2463916,
          34.0522267
        ]
      },
      "id": "node/13161931078"
    },
    {
      "type": "Feature",
      "properties": {
        "@id": "node/13161931079",
        "light_rail": "yes",
        "name": "Historic Broadway",
        "public_transport": "stop_position",
        "railway": "stop"
      },
      "geometry": {
        "type": "Point",
        "coordinates": [
          -118.2463635,
          34.052255
        ]
      },
      "id": "node/13161931079"
    },
    {
      "type": "Feature",
      "properties": {
        "@id": "node/13807935230",
        "name": "Wilshire/La Cienega",
        "network": "LACMTA",
        "operator": "Los Angeles County Metropolitan Transportation Authority",
        "public_transport": "station",
        "railway": "station",
        "station": "subway",
        "subway": "yes",
        "wikidata": "Q16987182"
      },
      "geometry": {
        "type": "Point",
        "coordinates": [
          -118.3756872,
          34.0650779
        ]
      },
      "id": "node/13807935230"
    },
    {
      "type": "Feature",
      "properties": {
        "@id": "node/13807935237",
        "name": "Wilshire/Fairfax",
        "network": "LACMTA",
        "operator": "Los Angeles County Metropolitan Transportation Authority",
        "public_transport": "station",
        "railway": "station",
        "station": "subway",
        "subway": "yes",
        "wikidata": "Q16987173"
      },
      "geometry": {
        "type": "Point",
        "coordinates": [
          -118.3611664,
          34.0629673
        ]
      },
      "id": "node/13807935237"
    },
    {
      "type": "Feature",
      "properties": {
        "@id": "node/13807935243",
        "name": "Wilshire/La Brea",
        "network": "LACMTA",
        "operator": "Los Angeles County Metropolitan Transportation Authority",
        "public_transport": "station",
        "railway": "station",
        "station": "subway",
        "subway": "yes",
        "wikidata": "Q17066434"
      },
      "geometry": {
        "type": "Point",
        "coordinates": [
          -118.3443519,
          34.062526
        ]
      },
      "id": "node/13807935243"
    }
  ]
}